"","Mice","Number","Mouse_ID","Strain","sex","DOB","parents","Western_Diet","Sac_Date","weight_g","length_cm","ab_fat","other_fat","total_fat","comments","100xfat_weight","Trigly","Total_Chol","HDL_Chol","UC","FFA","Glucose","LDL_plus_VLDL","MCP_1_phys","Insulin_ug_l","Glucose_Insulin","Leptin_pg_ml","Adiponectin","Aortic lesions","Note","Aneurysm","Aortic_cal_M","Aortic_cal_L","CoronaryArtery_Cal","Myocardial_cal","BMD_all_limbs","BMD_femurs_only"
"1","F2_290",290,"306-4","BxH ApoE-/-, F2",2,2002-03-22,229232,2002-05-14,2002-09-11,36.9,9.9,2.53,2.26,4.79,NA,12.9810298102981,53,1167,50,484,121,437,1117,175.85,924,0.472943722943723,245462,11.274,"496250",NA,16,0,17,0,0,NA,NA
"2","F2_291",291,"307-1","BxH ApoE-/-, F2",2,2002-03-22,232,2002-05-14,2002-09-11,48.5,10.7,2.9,2.97,5.87,NA,12.1030927835052,61,1230,32,592,173,572,1198,92.43,5781,0.0989448192354264,84420.88,7.099,NA,NA,16,4,0,2,4,0.0548,0.0773
"3","F2_292",292,"307-2","BxH ApoE-/-, F2",1,2002-03-22,232,2002-05-14,2002-09-11,45.7,10.4,1.04,2.31,3.35,NA,7.33041575492341,41,1285,81,460,96,497,1204,196.398,2074,0.239633558341369,105889.76,5.795,"218500",NA,0,0,11,0,0,0.0554,0.08065
"4","F2_293",293,"307-3","BxH ApoE-/-, F2",1,2002-03-22,232,2002-05-14,2002-09-11,50.3,10.9,0.91,1.89,2.8,NA,5.56660039761431,271,1299,64,476,122,553,1235,97.466,11874,0.0465723429341418,100398.68,5.495,"61250",NA,0,0,0,0,236,0.0597,0.0868
"5","F2_294",294,"307-4","BxH ApoE-/-, F2",1,2002-03-22,232,2002-05-14,2002-09-11,44.8,9.8,1.22,2.47,3.69,NA,8.23660714285714,114,1410,50,516,118,535,1360,95.452,9181,0.058272519333406,130846.3,6.868,"243750",NA,12,10,0,0,0,NA,NA
"6","F2_295",295,"308-1","BxH ApoE-/-, F2",1,2002-03-22,232,2002-05-14,2002-09-11,39.2,10.2,3.06,2.49,5.55,NA,14.1581632653061,72,1533,18,620,106,382,1515,144.27,485,0.78762886597938,75166.22,17.328,"104250",NA,17,2,0,0,0,0.0557,0.077
"7","F2_296",296,"308-2","BxH ApoE-/-, F2",2,2002-03-22,232,2002-05-14,2002-09-11,38.8,10.2,3.28,1.64,4.92,NA,12.680412371134,120,1386,29,539,131,569,1357,109.494,978,0.581799591002045,68410.52,8.71,"133250",NA,0,0,7,0,0,0.0621,0.09105
"8","F2_297",297,"308-3","BxH ApoE-/-, F2",2,2002-03-22,232,2002-05-14,2002-09-11,31.2,10.1,1.83,1.5,3.33,NA,10.6730769230769,15,699,10,297,80,376,689,161.976,831,0.452466907340554,44714.22,27.404,"313500",NA,0,0,0,0,0,NA,NA
"9","F2_298",298,"308-4","BxH ApoE-/-, F2",2,2002-03-22,232,2002-05-14,2002-09-11,33.4,10,2.19,1.81,4,NA,11.9760479041916,65,1334,19,504,110,568,1315,87.668,560,1.01428571428571,74253.66,14.237,"301500",NA,6,0,0,0,0,NA,NA
"10","F2_299",299,"338-1","BxH ApoE-/-, F2",2,2002-03-22,109,2002-05-14,2002-09-11,40,9.9,3.41,2.68,6.09,NA,15.225,83,1114,33,459,131,464,1081,129.976,1151,0.403127715030408,114169.02,7.592,"57500",NA,0,0,0,6,0,0.0575,0.08275
"11","F2_300",300,"338-2","BxH ApoE-/-, F2",2,2002-03-22,109,2002-05-14,2002-09-11,41.1,9.8,4.01,3.29,7.3,NA,17.7615571776156,80,1414,27,620,157,599,1387,121.318,2823,0.212185618136734,200970.8,14.366,"62750",NA,3,3,0,0,78,0.0523,0.0746
"12","F2_301",301,"338-3","BxH ApoE-/-, F2",2,2002-03-22,109,2002-05-14,2002-09-11,33.8,9.9,1.94,1.93,3.87,NA,11.4497041420118,21,1019,33,420,111,398,986,105.064,1084,0.367158671586716,125887.52,27.99,"265750",NA,0,0,0,0,0,0.0532,0.07895
"13","F2_302",302,"338-4","BxH ApoE-/-, F2",2,2002-03-22,109,2002-05-14,2002-09-11,44,10.5,3.6,2.05,5.65,NA,12.8409090909091,121,1468,33,739,191,655,1435,117.122,4506,0.145361739902352,162679.62,8.404,"126750",NA,22,10,4,1,52,0.0588,0.08605
"14","F2_303",303,"373-1","BxH ApoE-/-, F2",2,2002-04-11,NA,2002-07-24,2002-09-11,41.9,10.1,3.5,2.37,5.87,NA,14.0095465393795,91,1444,25,534,130,477,1419,NA,1596,0.298872180451128,383322.2,12.048,"154500",NA,39,3,0,0,0,NA,NA
"15","F2_304",304,"373-2","BxH ApoE-/-, F2",2,2002-04-11,NA,2002-07-24,2002-09-11,37.6,10.1,3.36,1.87,5.23,NA,13.9095744680851,NA,NA,NA,NA,NA,NA,NA,NA,NA,NA,NA,NA,"352750",NA,6,1,2,0,0,0.0553,0.0784
"16","F2_305",305,"373-3","BxH ApoE-/-, F2",2,2002-04-11,NA,2002-07-24,2002-09-11,34.1,10.1,2.52,1.58,4.1,NA,12.0234604105572,91,1475,24,589,134,503,1451,NA,1094,0.459780621572212,124436.08,10.319,"190250",NA,16,0,0,0,0,NA,NA
"17","F2_306",306,"374-1","BxH ApoE-/-, F2",2,2002-04-11,NA,2002-07-24,2002-09-11,42.9,10.2,3.86,2.35,6.21,NA,14.4755244755245,48,1632,33,577,100,484,1599,144.128,3533,0.136994056043023,270467.6,14.718,"166750",NA,6,0,4,0,0,NA,NA
"18","F2_307",307,"374-2","BxH ApoE-/-, F2",2,2002-04-11,NA,2002-07-24,2002-09-11,35.3,9.8,2.48,2.03,4.51,NA,12.7762039660057,0,1277,23,566,131,488,1254,144.904,421,1.15914489311164,101448.8,22.469,"275500",NA,NA,NA,NA,0,1,NA,NA
"19","F2_308",308,"374-3","BxH ApoE-/-, F2",1,2002-04-14,NA,2002-07-24,2002-09-11,40.5,10,3.27,2.32,5.59,NA,13.8024691358025,7,1284,28,582,142,575,1256,87.378,3130,0.18370607028754,285963,17.142,"192750",NA,27,6,3,0,0,0.0502,0.0721
"20","F2_309",309,"327-1","BxH ApoE-/-, F2",2,2002-04-11,230,2002-07-24,2002-11-13,40.7,10.9,3.13,2.16,5.29,NA,12.997542997543,30,1657,28,506,77,417,1629,125.294,821,0.507917174177832,159643.64,14.343,"318000",NA,20,0,0,0,0,0.0573,0.07945
"21","F2_310",310,"327-2","BxH ApoE-/-, F2",2,2002-04-11,230,2002-07-24,2002-11-13,39.5,10.6,2.47,2.07,4.54,NA,11.493670886076,24,1287,32,457,103,418,1255,140.806,1082,0.386321626617375,194313.18,24.737,"268000",NA,22,0,0,0,0,0.056,0.0813
"22","F2_311",311,"327-3","BxH ApoE-/-, F2",2,2002-04-11,230,2002-07-24,2002-11-13,33.6,9.9,2.4,1.77,4.17,NA,12.4107142857143,63,1183,25,406,100,369,1158,102.128,1206,0.305970149253731,108510.66,16.383,"183000",NA,0,0,0,0,0,0.0565,0.07995
"23","F2_312",312,"327-4","BxH ApoE-/-, F2",2,2002-04-11,230,2002-07-24,2002-11-13,39.4,10.1,2.7,2.75,5.45,NA,13.8324873096447,112,1442,53,553,144,522,1389,127.282,1073,0.486486486486487,226996.2,12.425,"411250",NA,0,0,13,0,0,0.0551,0.076
"24","F2_313",313,"341-1","BxH ApoE-/-, F2",1,2002-04-16,228,2002-07-24,2002-11-13,46.2,10.4,1.76,2.35,4.11,NA,8.8961038961039,5,1863,54,658,146,460,1809,157.396,3520,0.130681818181818,199609.68,9.63,"241000",NA,28,6,0,0,0,0.0548,0.0795
"25","F2_314",314,"341-2","BxH ApoE-/-, F2",1,2002-04-16,228,2002-07-24,2002-11-13,52.3,10.7,1.45,2.65,4.1,NA,7.83938814531549,119,1334,34,466,117,396,1300,NA,5208,0.076036866359447,86420.94,8.001,"155000",NA,21,8,0,0,0,0.0549,0.07715
"26","F2_315",315,"341-3","BxH ApoE-/-, F2",1,2002-04-16,228,2002-07-24,2002-11-13,54.4,11.1,0.38,2.32,2.7,NA,4.96323529411765,113,2154,42,850,187,652,2112,NA,9267,0.0703571813963527,122113.22,9.287,"252500",NA,24,11,0,0,51,0.0631,0.0896
"27","F2_316",316,"342-1","BxH ApoE-/-, F2",1,2002-04-16,228,2002-07-24,2002-11-13,52.7,11.1,1.09,1.61,2.7,NA,5.12333965844402,129,1198,74,378,90,322,1124,143.21,6224,0.0517352185089974,62457.86,3.113,"294500",NA,28,14,1,0,1,0.0607,0.0874
"28","F2_259",259,"295-3","BxH ApoE-/-, F2",1,2002-03-19,231,2002-05-14,2002-09-05,43.8,10.1,1.04,1.46,2.5,NA,5.70776255707763,81,1441,50,570,157,577,1391,95.604,2338,0.246792130025663,52053.52,1.852,"309750",NA,37,14,0,0,3,0.0555,0.074
"29","F2_260",260,"295-4","BxH ApoE-/-, F2",1,2002-03-19,231,2002-05-14,2002-09-05,33.6,9.9,1.88,1.55,3.43,NA,10.2083333333333,40,1175,25,468,108,460,1150,125.388,1208,0.380794701986755,61221.66,4.803,"202500",NA,18,1,0,0,0,0.0534,0.0775
"30","F2_261",261,"297-1","BxH ApoE-/-, F2",2,2002-03-19,235,2002-05-14,2002-09-05,39.6,10.3,2.9,2.3,5.2,NA,13.1313131313131,23,1583,45,569,103,475,1538,117.62,1108,0.42870036101083,89290.54,7.056,"214750",NA,0,0,0,0,0,0.0567,0.0785
"31","F2_262",262,"297-2","BxH ApoE-/-, F2",2,2002-03-19,235,2002-05-14,2002-09-05,41.8,10.1,3.95,2.45,6.4,NA,15.311004784689,95,1630,36,713,192,649,1594,81.874,2793,0.232366630862871,178225.18,7.681,"302500",NA,36,4,0,0,0,0.0523,0.07635
"32","F2_263",263,"297-3","BxH ApoE-/-, F2",2,2002-03-19,235,2002-05-14,2002-09-10,36,10.1,2.6,2,4.6,NA,12.7777777777778,29,1611,25,730,158,519,1586,96.884,NA,NA,NA,NA,"326750",NA,52,10,0,33,85,0.0547,0.0801
"33","F2_264",264,"297-4","BxH ApoE-/-, F2",2,2002-03-19,235,2002-05-14,2002-09-10,41.6,10.4,3.04,2.54,5.58,NA,13.4134615384615,94,1397,38,495,113,453,1359,198.228,1529,0.296272073250491,137452.5,2.705,"86666",NA,0,0,0,0,0,0.0497,0.07765
"34","F2_265",265,"298-1","BxH ApoE-/-, F2",1,2002-03-19,235,2002-05-14,2002-09-10,47.1,10.5,1.47,2.31,3.78,NA,8.02547770700637,881,1502,43,552,146,524,1459,92.142,11469,0.0456883773650711,79101.92,2.541,"195500",NA,0,0,0,0,17,0.0564,0.08335
"35","F2_266",266,"298-2","BxH ApoE-/-, F2",1,2002-03-19,235,2002-05-14,2002-09-10,53.2,10.7,0.83,2.08,2.91,NA,5.46992481203008,120,1688,42,777,171,604,1646,200.902,14028,0.043056743655546,113769.74,1.885,"240250",0.85,6,0,8,0,5,0.0609,0.0862
"36","F2_267",267,"298-3","BxH ApoE-/-, F2",1,2002-03-19,235,2002-05-14,2002-09-10,48.9,10.5,1.23,1.94,3.17,NA,6.48261758691207,102,1299,41,451,108,442,1258,219.984,5525,0.08,77288.6,7.013,"157000",NA,19,4,0,0,0,0.0599,0.08685
"37","F2_268",268,"298-4","BxH ApoE-/-, F2",1,2002-03-19,235,2002-05-14,2002-09-10,48,10.9,1.13,2.15,3.28,NA,6.83333333333333,106,1463,45,527,132,456,1418,208.364,14700,0.0310204081632653,72941.86,12.595,"236250",NA,15,4,0,0,0,0.0618,0.0901
"38","F2_269",269,"299-1","BxH ApoE-/-, F2",2,2002-03-19,NA,2002-05-14,2002-09-10,42.3,10.3,NA,3.13,NA,NA,NA,68,848,38,278,83,311,810,75.544,1159,0.268334771354616,155588.32,10.054,"120750",NA,0,0,0,0,5,0.056,0.0801
"39","F2_270",270,"299-2","BxH ApoE-/-, F2",2,2002-03-19,NA,2002-05-14,2002-09-10,45.2,10.2,3.66,2.72,6.38,NA,14.1150442477876,82,1065,31,415,125,509,1034,98.758,1979,0.257200606366852,223565.8,13.319,"151250",NA,0,0,0,0,0,0.0573,0.08735
"40","F2_271",271,"299-3","BxH ApoE-/-, F2",2,2002-03-19,NA,2002-05-14,2002-09-10,42.3,10,1.58,2.39,3.97,NA,9.3853427895981,105,1315,27,516,118,499,1288,172.894,6357,0.0784961459808086,134703.24,30.82,"267500",NA,15,0,4,0,2,0.0584,0.0831
"41","F2_272",272,"299-4","BxH ApoE-/-, F2",2,2002-03-19,NA,2002-05-14,2002-09-10,39.6,10,1.82,2.55,4.37,NA,11.0353535353535,130,1087,45,410,134,484,1042,NA,2545,0.190176817288802,92320.54,10.364,"189500",NA,0,0,56,0,1,0.0578,0.08355
"42","F2_273",273,"302-1","BxH ApoE-/-, F2",1,2002-03-22,228,2002-05-14,2002-09-10,50.4,10.8,0.98,2.84,3.82,NA,7.57936507936508,79,1408,43,509,106,387,1365,NA,7012,0.0551911009697661,145655.18,14.064,"146750",NA,5,0,0,0,0,0.0551,0.08065
"43","F2_274",274,"302-2","BxH ApoE-/-, F2",1,2002-03-22,228,2002-05-14,2002-09-10,49.4,11,0.91,1.71,2.62,NA,5.30364372469636,502,2135,49,910,227,819,2086,154.504,18663,0.0438836199967851,100817.24,5.095,"147250",NA,34,23,0,1,0,0.0539,0.08545
"44","F2_275",275,"302-3","BxH ApoE-/-, F2",1,2002-03-22,228,2002-05-14,2002-09-10,50.4,10.5,0.86,2.51,3.37,NA,6.68650793650794,96,1485,61,475,99,417,1424,247.144,8876,0.0469806219017576,114446.02,5.013,"138250",NA,4,0,8,0,1,0.0627,0.08905
"45","F2_276",276,"302-4","BxH ApoE-/-, F2",1,2002-03-22,228,2002-05-14,2002-09-10,54.1,11.1,1.3,2.87,4.17,NA,7.70794824399261,254,1649,52,729,214,548,1597,209.42,3781,0.144935202327427,76213.66,6.706,"99642",NA,0,0,0,0,0,0.0575,0.06835
"46","F2_277",277,"303-1","BxH ApoE-/-, F2",2,2002-03-22,228,2002-05-14,2002-09-10,33.8,10.1,2,2.2,4.2,NA,12.4260355029586,97,1148,34,462,145,460,1114,115.554,878,0.523917995444191,68390.14,12.998,"86250",NA,0,0,0,5,0,0.0484,0.0845
"47","F2_278",278,"303-2","BxH ApoE-/-, F2",2,2002-03-22,228,2002-05-14,2002-09-10,44.4,10.7,2.81,2.78,5.59,NA,12.5900900900901,80,1100,37,508,147,558,1063,132.598,5091,0.109605185621685,109518.16,10.423,"325750",NA,55,0,15,0,0,0.0552,0.08465
"48","F2_279",279,"304-1","BxH ApoE-/-, F2",1,2002-03-22,228229,2002-05-14,2002-09-10,44.8,10.5,2.05,2.25,4.3,NA,9.5982142857143,95,1195,35,527,151,457,1160,124.23,1902,0.240273396424816,29163.56,6.147,"58250",NA,5,5,0,NA,3134,0.063,0.0899
"49","F2_280",280,"304-2","BxH ApoE-/-, F2",1,2002-03-22,228229,2002-05-14,2002-09-10,50.7,10.4,1.17,2.74,3.91,NA,7.7120315581854,104,1509,44,674,185,601,1465,164.584,7065,0.0850672328379335,61331.2,5.666,"208250",NA,8,5,0,0,1,0.0599,0.0819
"50","F2_281",281,"304-3","BxH ApoE-/-, F2",1,2002-03-22,228229,2002-05-14,2002-09-10,41.8,10.5,1.54,2.18,3.72,NA,8.89952153110048,110,1290,33,583,188,562,1257,77.95,2397,0.234459741343346,60631.36,7.497,"135000",NA,71,7,0,0,0,0.0614,0.08595
"51","F2_282",282,"304-4","BxH ApoE-/-, F2",1,2002-03-22,228229,2002-05-14,2002-09-10,52.3,10.5,NA,2.86,NA,NA,NA,149,1575,35,697,201,639,1540,NA,13852,0.0461305226682068,219146.4,5.993,"99250",NA,2,2,0,0,0,0.0504,0.07555
"52","F2_283",283,"305-1","BxH ApoE-/-, F2",1,2002-03-22,229,2002-05-14,2002-09-11,46.4,10.6,2.12,2.18,4.3,NA,9.26724137931035,80,1017,60,328,82,378,957,NA,1864,0.202789699570815,74333.98,8.103,NA,NA,NA,NA,NA,0,0,0.0537,0.0806
"53","F2_284",284,"305-2","BxH ApoE-/-, F2",1,2002-03-22,229,2002-05-14,2002-09-11,53.8,10.5,1.19,2.47,3.66,NA,6.80297397769517,54,1160,41,463,93,457,1119,337.988,18663,0.0244869527942989,183042.18,8.44,"343500",NA,57,0,0,0,0,0.0605,0.08795
"54","F2_285",285,"305-3","BxH ApoE-/-, F2",1,2002-03-22,229,2002-05-14,2002-09-11,43.9,10.3,0.76,1.87,2.63,NA,5.99088838268793,14,1431,25,612,120,528,1406,260.088,2273,0.232292124945007,58219.54,NA,"204500",NA,0,0,0,7,5,0.0609,0.0879
"55","F2_286",286,"305-4","BxH ApoE-/-, F2",1,2002-03-22,229,2002-05-14,2002-09-11,49,10.5,2.03,2.45,4.48,NA,9.14285714285714,126,1166,48,456,127,515,1118,187.532,6701,0.0768542008655425,86234.3,5.978,"72500",NA,44,0,0,0,1,NA,NA
"56","F2_287",287,"306-1","BxH ApoE-/-, F2",2,2002-03-22,229232,2002-05-14,2002-09-11,43.9,10.2,2.85,2.35,5.2,NA,11.8451025056948,NA,NA,NA,NA,NA,NA,NA,NA,NA,NA,NA,NA,"179500",NA,27,0,13,0,0,NA,NA
"57","F2_231",231,"288-3","BxH ApoE-/-, F2",1,2002-03-19,230,2002-05-14,2002-09-04,47.4,10.3,0.94,2.26,3.2,NA,6.75105485232068,120,957,44,311,68,242,913,98.936,4489,0.0539095566941412,48414.96,2.219,"95500",NA,0,0,0,0,0,0.0543,0.07845
"58","F2_232",232,"288-4","BxH ApoE-/-, F2",1,2002-03-19,230,2002-05-14,2002-09-04,45.7,10.3,1.92,2.19,4.11,NA,8.99343544857768,97,1550,75,547,124,532,1475,65.816,7560,0.0703703703703704,74982.22,2.672,"200313",NA,12,0,3,2,8,NA,NA
"59","F2_233",233,"289-1","BxH ApoE-/-, F2",1,2002-03-19,230227,2002-05-14,2002-09-04,50.4,10.6,1.17,2.57,3.74,NA,7.42063492063492,142,1576,42,553,103,387,1534,130.426,8101,0.047771880014813,118817.56,2.494,"237250",NA,68,6,0,0,10,0.0566,0.08305
"60","F2_234",234,"289-2","BxH ApoE-/-, F2",1,2002-03-19,230227,2002-05-14,2002-09-04,47.8,10.2,1.53,2.18,3.71,NA,7.76150627615063,60,1172,42,416,83,336,1130,146.35,6165,0.0545012165450122,119135.34,5.564,"225500",NA,0,0,0,0,0,NA,NA
"61","F2_235",235,"289-3","BxH ApoE-/-, F2",1,2002-03-19,230227,2002-05-14,2002-09-04,47.9,10.5,2.16,3.15,5.31,NA,11.0855949895616,88,944,27,384,108,406,917,107.162,2098,0.193517635843661,64015.66,5.045,"314500",NA,27,16,0,0,0,0.0525,0.0722
"62","F2_236",236,"289-4","BxH ApoE-/-, F2",1,2002-03-19,230227,2002-05-14,2002-09-04,52.2,10.6,1.73,2.07,3.8,NA,7.27969348659004,109,1620,54,474,81,365,1566,147.466,4301,0.0848639851197396,64819.4,2.733,"238250",NA,59,5,0,NA,14,0.0578,0.0838
"63","F2_237",237,"290-1","BxH ApoE-/-, F2",1,2002-03-19,227,2002-05-14,2002-09-04,47.6,10.7,1.43,2.84,4.27,NA,8.97058823529412,143,1391,42,565,153,432,1349,172.002,9725,0.0444215938303342,98144.3,1.07,"199750",NA,6,3,0,0,0,0.0542,0.07305
"64","F2_238",238,"290-2","BxH ApoE-/-, F2",1,2002-03-19,227,2002-05-14,2002-09-04,50.4,10.6,2.35,NA,NA,NA,NA,127,1044,38,433,137,514,1006,153.908,5387,0.0954148876925933,81968.48,3.212,"168500",NA,88,24,0,0,0,0.0573,0.07685
"65","F2_239",239,"290-3","BxH ApoE-/-, F2",1,2002-03-19,227,2002-05-14,2002-09-04,54.2,10.7,1.72,2.51,4.23,NA,7.80442804428044,183,1385,40,593,151,484,1345,115.684,3087,0.156786524133463,140524.12,3.814,"144000",NA,10,9,0,0,0,0.0547,0.078
"66","F2_240",240,"290-4","BxH ApoE-/-, F2",1,2002-03-19,227,2002-05-14,2002-09-04,47.1,10.3,2.47,2.87,5.34,NA,11.3375796178344,73,1357,42,472,99,450,1315,105.422,3195,0.140845070422535,116393.36,3.686,"248750",NA,32,0,0,0,0,NA,NA
"67","F2_241",241,"291-1","BxH ApoE-/-, F2",2,2002-03-19,227,2002-05-14,2002-09-04,36.7,9.8,2.48,2.49,4.97,NA,13.5422343324251,58,864,39,310,86,318,825,91.794,429,0.741258741258741,78226.18,1.913,"238500",NA,15,1,0,4,11,0.0578,0.08215
"68","F2_242",242,"291-2","BxH ApoE-/-, F2",2,2002-03-19,227,2002-05-14,2002-09-04,38.9,9.9,2.91,1.79,4.7,NA,12.0822622107969,73,808,29,304,91,413,779,113.194,869,0.475258918296893,60695.08,5.264,"272750",NA,1,0,0,0,0,0.0563,0.0818
"69","F2_243",243,"291-3","BxH ApoE-/-, F2",2,2002-03-19,227,2002-05-14,2002-09-04,43.9,10.2,4.26,2.97,7.23,"spleenomegally",16.4692482915718,82,817,23,356,97,439,794,145.356,1075,0.408372093023256,114589.3,1.604,"3230750",NA,60,11,0,2,0,0.0529,0.0778
"70","F2_244",244,"291-4","BxH ApoE-/-, F2",2,2002-03-19,227,2002-05-14,2002-09-04,32.8,9.9,1.33,1.95,3.28,NA,10,34,794,19,304,86,313,775,86.896,486,0.6440329218107,58257.08,6.44,"318000",NA,0,0,0,0,0,0.0513,0.069
"71","F2_245",245,"292-1","BxH ApoE-/-, F2",2,2002-03-19,227110,2002-05-14,2002-09-05,42.7,10.4,2.35,2.43,4.78,NA,11.1943793911007,168,1104,33,521,149,537,1071,92.322,2708,0.198301329394387,101521.2,6.81,"116750",NA,0,0,2,1,6,0.0567,0.08145
"72","F2_246",246,"292-2","BxH ApoE-/-, F2",2,2002-03-19,227110,2002-05-14,2002-09-05,47.4,10.4,3.58,3.28,6.86,NA,14.4725738396624,84,1223,17,518,129,525,1206,182.59,2229,0.235531628532974,178556.08,5.065,"256500",NA,0,0,6,0,0,0.0541,0.0756
"73","F2_247",247,"292-3","BxH ApoE-/-, F2",2,2002-03-19,227110,2002-05-14,2002-09-05,40.9,10.3,2.93,2.26,5.19,NA,12.6894865525672,70,1312,27,499,120,483,1285,123.872,615,0.785365853658537,100521.46,5.493,"258750",NA,0,0,0,0,0,0.0563,0.07925
"74","F2_248",248,"292-4","BxH ApoE-/-, F2",2,2002-03-19,227110,2002-05-14,2002-09-05,30.7,9.8,1.46,1.45,2.91,NA,9.47882736156352,41,1044,25,381,83,458,1019,172.614,422,1.08530805687204,138369.52,11.313,"184250",NA,0,0,0,2,3,0.0516,0.07045
"75","F2_249",249,"293-1","BxH ApoE-/-, F2",1,2002-03-19,110,2002-05-14,2002-09-05,48.4,10.6,0.71,1.5,2.21,"slightly large spleen",4.56611570247934,230,1345,44,608,158,529,1301,108.386,9539,0.0554565468078415,69416.42,1.593,"113250",NA,0,0,0,0,0,0.0572,0.0818
"76","F2_250",250,"293-2","BxH ApoE-/-, F2",1,2002-03-19,110,2002-05-14,2002-09-05,45.4,10.2,1.16,2.2,3.36,NA,7.40088105726872,50,1299,57,440,102,415,1242,97.044,3039,0.136558078315235,54889.66,1.55,"340250",NA,25,0,4,0,0,0.0565,0.08355
"77","F2_251",251,"293-3","BxH ApoE-/-, F2",1,2002-03-19,110,2002-05-14,2002-09-05,40.9,10.4,1.05,1.57,2.62,NA,6.40586797066015,46,1151,50,408,96,375,1101,85.164,1439,0.260597637248089,79146.38,4.233,"139000",NA,18,1,0,0,0,0.0549,0.07575
"78","F2_252",252,"294-1","BxH ApoE-/-, F2",1,2002-03-19,110,2002-05-14,2002-09-05,46.8,10.5,1.57,1.65,3.22,"muscle switched w 253",6.88034188034188,161,1405,41,527,122,390,1364,218.648,3568,0.109304932735426,136032.8,3.551,"89500",NA,0,0,0,0,0,0.0556,0.07955
"79","F2_253",253,"294-2","BxH ApoE-/-, F2",1,2002-03-19,110,2002-05-14,2002-09-05,53,10.8,1.5,2.27,3.77,NA,7.11320754716981,74,1262,49,512,142,472,1213,143.552,5555,0.084968496849685,141321.52,2.812,"198000",NA,4,0,0,0,0,0.0571,0.08225
"80","F2_254",254,"294-3","BxH ApoE-/-, F2",1,2002-03-19,110,2002-05-14,2002-09-05,50.4,10.7,0.99,2.4,3.39,NA,6.72619047619048,98,1687,42,707,164,551,1645,180.634,9389,0.0586856960272659,107469.18,4.733,"101500",NA,0,0,3,2,10,0.0601,0.08845
"81","F2_255",255,"294-4","BxH ApoE-/-, F2",1,2002-03-19,110,2002-05-14,2002-09-05,57.3,10.8,1.21,2.05,3.26,NA,5.68935427574171,113,1409,37,541,140,503,1372,200.764,5766,0.0872355185570586,111905.96,1.392,"239250",NA,0,0,0,0,0,0.0616,0.08865
"82","F2_256",256,"294-5","BxH ApoE-/-, F2",1,2002-03-19,110,2002-05-14,2002-09-05,51.2,11,1.63,2.7,4.33,"enlarged thymus, slightly large spleen",8.45703125,95,927,58,374,115,387,869,158.414,821,0.471376370280146,76717.42,1.704,"82500",NA,0,0,3,0,0,0.0539,0.0778
"83","F2_257",257,"295-1","BxH ApoE-/-, F2",1,2002-03-19,231,2002-05-14,2002-09-05,34.3,9.6,0.58,1.15,1.73,NA,5.04373177842566,23,911,27,361,87,306,884,70.738,534,0.573033707865169,9945.14,2.747,"281750",NA,0,0,0,1,19,0.0559,0.0772
"84","F2_258",258,"295-2","BxH ApoE-/-, F2",1,2002-03-19,231,2002-05-14,2002-09-05,44.8,10.6,2,2.15,4.15,NA,9.26339285714286,99,848,68,262,71,347,780,64.698,563,0.616341030195382,34488.46,3.883,"79500",NA,0,0,0,0,1,0.0633,0.08955
"85","F2_40",40,"156-2","BxH ApoE-/-, F2",1,2001-11-15,111,2002-01-08,2002-04-30,45.4,10.2,1.09,2.11,3.2,"black coat, spleen&kidney from 40&41 may have been combined as 40",7.04845814977974,253,1466,66,486,119,452,1400,163.138,14472,0.031232725262576,72140,3.784,"34500",NA,5,0,0,0,1,NA,NA
"86","F2_41",41,"156-3","BxH ApoE-/-, F2",1,2001-11-15,111,2002-01-08,2002-04-30,52,10.4,1.58,2.21,3.79,NA,7.28846153846154,72,2141,49,797,150,675,2092,179.804,29699,0.0227280379810768,83160,7.319,"277250",NA,10,0,23,0,0,NA,NA
"87","F2_42",42,"157-1","BxH ApoE-/-, F2",2,2001-11-15,111,2002-01-08,2002-04-30,39.4,10.2,2.99,2.8,5.79,NA,14.6954314720812,233,1729,23,622,127,487,1706,111.21,1364,0.357038123167155,99220,14.531,"110000",NA,42,14,0,0,0,NA,NA
"88","F2_43",43,"157-2","BxH ApoE-/-, F2",2,2001-11-15,111,2002-01-08,2002-04-30,35.3,10.7,1.32,1.56,2.88,"black coat",8.1586402266289,77,1258,22,430,86,412,1236,92.86,1340,0.307462686567164,50500,9.735,"327250",NA,0,0,0,0,0,NA,NA
"89","F2_44",44,"157-3","BxH ApoE-/-, F2",2,2001-11-15,111,2002-01-08,2002-04-30,31.4,10,0.97,1.8,2.77,NA,8.8216560509554,126,1228,28,439,101,435,1200,58.116,1711,0.254237288135593,50300,15.358,"145500",NA,0,0,0,0,1,NA,NA
"90","F2_45",45,"158-1","BxH ApoE-/-, F2",2,2001-11-15,111,2002-01-08,2002-04-30,45.8,10.4,4.13,2.9,7.03,NA,15.3493449781659,81,1140,36,445,112,501,1104,82.198,2183,0.229500687127806,1160,7.939,"48250",NA,18,1,0,0,1,NA,NA
"91","F2_46",46,"158-2","BxH ApoE-/-, F2",2,2001-11-15,111,2002-01-08,2002-04-30,26.1,9.7,0.94,0.82,1.76,NA,6.74329501915709,59,380,17,208,75,281,363,85.366,396,0.70959595959596,8540,12.404,"322000",NA,25,1,10,0,0,NA,NA
"92","F2_47",47,"158-3","BxH ApoE-/-, F2",2,2001-11-15,111,2002-01-08,2002-04-30,23.9,9.2,0.67,0.9,1.57,"black coat",6.56903765690377,87,978,32,461,129,544,946,78.006,844,0.644549763033175,37420,22.776,"328250",NA,42,3,0,0,0,NA,NA
"93","F2_48",48,"158-4","BxH ApoE-/-, F2",2,2001-11-15,111,2002-01-08,2002-04-30,27.5,9.6,0.77,0.95,1.72,"malocclusion",6.25454545454545,64,834,20,297,71,385,814,68.992,629,0.6120826709062,13880,14.31,"292500",NA,56,10,0,0,0,NA,NA
"94","F2_49",49,"160-1","BxH ApoE-/-, F2",1,2001-11-13,110,2002-01-08,2002-04-30,27.3,9.7,0.45,0.3,0.75,NA,2.74725274725275,33,980,34,390,100,402,946,46.51,540,0.744444444444444,3420,7.111,"213000",NA,0,0,0,0,1,NA,NA
"95","F2_50",50,"160-2","BxH ApoE-/-, F2",1,2001-11-13,110,2002-01-08,2002-04-30,34.5,10,0.59,1.18,1.77,NA,5.1304347826087,122,1577,37,688,185,741,1540,97.67,710,1.04366197183099,19560,7.858,"348500",NA,27,6,0,0,1,NA,NA
"96","F2_51",51,"173-1","BxH ApoE-/-, F2",2,2001-12-04,109,2002-02-01,2002-05-17,37.9,10.5,1.87,3.56,5.43,NA,14.3271767810026,101,1216,27,503,121,511,1189,100.8,819,0.623931623931624,78360,14.014,"373250",NA,34,2,5,0,1,NA,NA
"97","F2_52",52,"173-2","BxH ApoE-/-, F2",2,2001-12-04,109,2002-02-01,2002-05-17,38.5,10.8,1.78,3.09,4.87,NA,12.6493506493507,132,1888,33,646,119,635,1855,112.776,2692,0.235884101040119,37040,10.14,"249000",NA,0,0,0,0,0,NA,NA
"98","F2_53",53,"173-3","BxH ApoE-/-, F2",2,2001-12-04,109,2002-02-01,2002-05-17,36.4,10.5,1.83,3.56,5.39,NA,14.8076923076923,160,1539,30,656,174,681,1509,105.966,1298,0.524653312788906,52980,8.12,"180750",NA,25,2,5,0,0,NA,NA
"99","F2_54",54,"173-4","BxH ApoE-/-, F2",2,2001-12-04,109,2002-02-01,2002-05-17,46.4,10.5,2.84,5.9,8.74,NA,18.8362068965517,115,1296,31,484,127,488,1265,238.292,3544,0.137697516930023,162820,9.115,"90500",NA,24,6,0,0,0,NA,NA
"100","F2_55",55,"174-1","BxH ApoE-/-, F2",1,2001-12-04,109,2002-02-01,2002-05-17,54.3,11.3,0.33,2.25,2.58,"black",4.75138121546961,131,2106,36,805,176,562,2070,237.592,21101,0.0266338088242263,56840,4.521,"233000",NA,23,2,0,0,1,NA,NA
"101","F2_56",56,"174-2","BxH ApoE-/-, F2",1,2001-12-04,109,2002-02-01,2002-05-17,52,11.1,0.19,2.1,2.29,NA,4.40384615384615,170,1387,45,585,169,610,1342,247.492,15027,0.0405935981899248,55920,2.958,"30750",NA,10,0,10,0,0,NA,NA
"102","F2_57",57,"174-3","BxH ApoE-/-, F2",1,2001-12-04,109,2002-02-01,2002-05-17,49,10.8,0.9,2.15,3.05,"black",6.22448979591837,192,1452,70,550,141,531,1382,411.224,15163,0.0350194552529183,59260,4.05,"9000",NA,8,2,0,0,1,NA,NA
"103","F2_58",58,"175-1","BxH ApoE-/-, F2",1,2001-12-07,112,2002-02-01,2002-05-17,44.1,11,1.6,2.57,4.17,"black",9.45578231292517,275,938,49,302,93,371,889,96.908,1060,0.35,29140,6.514,"33000",NA,0,0,0,0,0,NA,NA
"104","F2_59",59,"175-2","BxH ApoE-/-, F2",1,2001-12-07,112,2002-02-01,2002-05-17,45.1,10.9,0.43,1.68,2.11,"black",4.67849223946785,201,1338,31,529,134,551,1307,175.888,29699,0.0185528132260345,47220,4.054,"43000",NA,0,0,0,0,3,NA,NA
"105","F2_84",84,"200-1","BxH ApoE-/-, F2",1,2001-12-28,110,2002-02-26,2002-06-19,47.2,10.7,1.28,2.29,3.57,NA,7.5635593220339,181,1749,53,548,108,346,1696,297.128,13153,0.0263057857522999,61280,0.803,"145250",NA,143,30,0,NA,NA,NA,NA
"106","F2_85",85,"200-2","BxH ApoE-/-, F2",1,2001-12-28,110,2002-02-26,2002-06-19,39.3,10.5,1.16,1.58,2.74,NA,6.97201017811705,120,1403,49,517,158,571,1354,113.128,11893,0.0480114352980745,NA,NA,"50250",NA,0,0,0,NA,NA,NA,NA
"107","F2_86",86,"201-1","BxH ApoE-/-, F2",2,2002-01-01,112,2002-02-26,2002-06-19,34.8,10,2.01,1.9,3.91,NA,11.235632183908,88,998,60,331,88,334,938,125.6,2457,0.135938135938136,35500,3.765,"186750",NA,0,0,4,NA,NA,NA,NA
"108","F2_87",87,"201-2","BxH ApoE-/-, F2",2,2002-01-01,112,2002-02-26,2002-06-19,32.5,10.5,1.51,1.57,3.08,NA,9.47692307692308,36,753,53,232,68,265,700,92.962,766,0.345953002610966,16140,2.914,"167250",NA,0,0,1,NA,NA,NA,NA
"109","F2_88",88,"201-3","BxH ApoE-/-, F2",2,2002-01-01,112,2002-02-26,2002-06-19,46,10.8,4.11,2.87,6.98,NA,15.1739130434783,55,1016,46,368,99,400,970,143.192,2852,0.140252454417952,87360,5.302,"247250",NA,12,7,0,NA,NA,NA,NA
"110","F2_89",89,"201-4","BxH ApoE-/-, F2",2,2002-01-01,112,2002-02-26,2002-06-19,28.3,9.5,1.09,1.06,2.15,"slight malocclusion",7.59717314487633,56,1162,26,468,137,410,1136,83.746,NA,NA,17720,8.644,"299500",NA,69,10,0,NA,NA,NA,NA
"111","F2_91",91,"202-1","BxH ApoE-/-, F2",1,2002-01-01,112,2002-02-26,2002-06-19,43.9,10.5,1.08,1.73,2.81,NA,6.40091116173121,89,1180,62,445,128,403,1118,121.474,NA,NA,51460,1.237,"244750",NA,0,0,1,NA,NA,NA,NA
"112","F2_92",92,"202-2","BxH ApoE-/-, F2",1,2002-01-01,112,2002-02-26,2002-06-19,54,11.5,1.26,2.56,3.82,NA,7.07407407407407,118,1465,39,510,100,373,1426,132.748,7858,0.0474675489946551,32560,4.449,"165750",NA,0,0,0,NA,NA,NA,NA
"113","F2_93",93,"203-1","BxH ApoE-/-, F2",1,2002-01-01,112,2002-02-26,2002-06-19,43.6,10,1.86,1.47,3.33,NA,7.63761467889908,24,973,52,340,86,360,921,210.426,1845,0.195121951219512,NA,NA,"196500",NA,0,0,0,NA,NA,NA,NA
"114","F2_94",94,"203-2","BxH ApoE-/-, F2",1,2002-01-01,112,2002-02-26,2002-06-19,46.1,11,1.16,2.33,3.49,NA,7.5704989154013,106,1419,65,534,172,509,1354,95.868,8840,0.057579185520362,59800,NA,"409000",NA,56,35,0,NA,NA,NA,NA
"115","F2_95",95,"203-3","BxH ApoE-/-, F2",1,2002-01-01,112,2002-02-26,2002-06-19,40.1,10.5,1.7,1.67,3.37,NA,8.40399002493766,34,1325,77,407,86,339,1248,69.018,821,0.412911084043849,23500,7.087,"61750",NA,0,0,3,0,0,NA,NA
"116","F1_96",96,"204-1","BxH ApoE-/-, F1",1,2002-01-02,163162,2002-02-26,2002-06-19,51.1,11.5,1.29,2.33,3.62,NA,7.08414872798434,37,1166,61,400,111,391,1105,125.742,674,0.580118694362018,36860,7.268,"116250",NA,23,6,0,0,0,NA,NA
"117","F1_97",97,"204-2","BxH ApoE-/-, F1",1,2002-01-02,163162,2002-02-26,2002-06-19,52.8,11,1.34,2.35,3.69,NA,6.98863636363637,33,1422,55,502,129,465,1367,157.182,1029,0.451895043731778,48220,11.005,"76250",NA,9,5,0,0,0,NA,NA
"118","F1_98",98,"204-3","BxH ApoE-/-, F1",1,2002-01-02,163162,2002-02-26,2002-06-19,48.1,10.5,1.68,1.93,3.61,NA,7.50519750519751,25,1202,43,424,101,411,1159,97.186,287,1.43205574912892,NA,NA,"110750",NA,20,0,0,0,0,NA,NA
"119","F1_99",99,"204-4","BxH ApoE-/-, F1",1,2002-01-02,163162,2002-02-26,2002-06-19,50.1,11,1.36,2.33,3.69,NA,7.36526946107784,61,940,60,318,87,322,880,165.538,532,0.605263157894737,33560,8.113,"127500",NA,12,5,0,0,0,NA,NA
"120","F1_100",100,"205-1","BxH ApoE-/-, F1",2,2002-01-02,162,2002-02-26,2002-06-19,38.3,10.5,2.83,2.01,4.84,NA,12.6370757180157,57,1131,33,390,91,357,1098,120.444,870,0.410344827586207,79180,12.201,"192250",NA,0,0,0,0,0,NA,NA
"121","F1_101",101,"205-2","BxH ApoE-/-, F1",2,2002-01-02,162,2002-02-26,2002-06-19,40,11,2.74,1.95,4.69,NA,11.725,41,1442,28,506,105,413,1414,NA,NA,NA,NA,NA,"212250",NA,9,2,0,0,0,NA,NA
"122","F1_102",102,"205-3","BxH ApoE-/-, F1",2,2002-01-02,162,2002-02-26,2002-06-19,42.8,10.3,4.5,3.37,7.87,NA,18.3878504672897,72,1285,35,469,116,463,1250,126.652,NA,NA,NA,NA,"160250",NA,0,0,0,0,0,NA,NA
"123","F1_103",103,"205-4","BxH ApoE-/-, F1",2,2002-01-02,162,2002-02-26,2002-06-19,45.2,10.5,4.01,2.74,6.75,NA,14.9336283185841,46,1218,31,422,105,413,1187,111.616,558,0.740143369175627,131420,17.084,"206500",NA,27,9,0,0,0,NA,NA
"124","F2_104",104,"217-1","BxH ApoE-/-, F2",1,2002-12-30,111,2002-03-12,2002-07-31,57.1,10.8,0.9,2.52,3.42,NA,5.98949211908932,170,1013,60,333,91,310,953,210.122,1926,0.160955347871236,70360,7.307,"106250",NA,0,0,0,0,0,0.0593,0.08175
"125","F2_105",105,"217-2","BxH ApoE-/-, F2",1,2002-12-30,111,2002-03-12,2002-07-31,40.9,10.6,1.84,1.51,3.35,NA,8.19070904645477,128,2079,175,697,138,537,1904,145.944,556,0.965827338129496,23640,7.557,"133750",NA,34,13,0,15,15,0.0589,0.08215
"126","F2_107",107,"219-1","BxH ApoE-/-, F2",2,2002-01-14,166,2002-03-12,2002-07-31,43.6,10.3,3.47,2.58,6.05,NA,13.8761467889908,76,1306,37,380,82,308,1269,110.384,627,0.491228070175439,59040,9.962,"171625",NA,32,4,2,0,0,0.0605,0.08685
"127","F2_108",108,"219-2","BxH ApoE-/-, F2",2,2002-01-14,166,2002-03-12,2002-07-31,40.6,10.7,3.96,2.45,6.41,NA,15.7881773399015,25,850,21,289,64,337,829,184.16,517,0.65183752417795,85320,17.756,"329000",NA,0,0,0,0,0,0.0518,0.06755
"128","F2_109",109,"219-3","BxH ApoE-/-, F2",2,2002-01-14,166,2002-03-12,2002-07-31,43.6,10.3,2.96,3.19,6.15,NA,14.105504587156,50,812,62,263,67,290,750,89.994,954,0.30398322851153,85400,8.795,"151750",NA,0,0,7,0,0,0.0587,0.08275
"129","F2_110",110,"219-4","BxH ApoE-/-, F2",2,2002-01-14,166,2002-03-12,2002-07-31,37.1,10.3,2.57,2.07,4.64,"aorta switched w/111",12.5067385444744,96,1617,46,558,102,435,1571,113.762,414,1.05072463768116,54560,15.256,"385500",NA,40,14,0,0,0,0.0526,0.07265
"130","F2_111",111,"254-1","BxH ApoE-/-, F2",2,2002-01-22,111,2002-03-29,2002-07-31,33.8,10,1.28,1.53,2.81,NA,8.31360946745562,36,1392,38,491,87,364,1354,102.542,1027,0.354430379746835,44512.9,9.229,"279250",NA,38,8,0,2,0,0.0583,0.07975
"131","F2_112",112,"254-2","BxH ApoE-/-, F2",2,2002-01-22,111,2002-03-29,2002-07-31,26.8,10.5,0.41,0.58,0.99,"oversized spleen",3.69402985074627,709,1296,24,420,79,361,1272,222.52,610,0.591803278688525,6317.96,8.564,"18000",NA,0,0,0,NA,NA,0.06,0.0832
"132","F2_113",113,"255-1","BxH ApoE-/-, F2",1,2002-01-22,111,2002-03-29,2002-07-31,44.4,10.3,1.56,2.55,4.11,NA,9.25675675675676,110,1002,58,373,87,369,944,110.244,2705,0.13641404805915,85185.28,7.127,"253250",NA,37,3,0,0,0,0.0596,0.0808
"133","F2_114",114,"255-2","BxH ApoE-/-, F2",1,2002-01-22,111,2002-03-29,2002-07-31,43.9,10.8,0.94,1.65,2.59,NA,5.8997722095672,261,1352,81,436,107,404,1271,125.386,1781,0.226838854576081,42173.54,7.179,"155500",NA,0,0,5,0,0,0.0615,0.0904
"134","F2_115",115,"255-3","BxH ApoE-/-, F2",1,2002-01-22,111,2002-03-29,2002-07-31,57.8,11,1.76,4.06,5.82,NA,10.0692041522491,201,1741,68,539,106,410,1673,238.058,2205,0.1859410430839,85167.3,5.668,"132250",NA,103,2,0,0,0,0.0587,0.0827
"135","F2_116",116,"255-4","BxH ApoE-/-, F2",1,2002-01-22,111,2002-03-29,2002-07-31,54.7,11.2,2.82,3.59,6.41,NA,11.7184643510055,77,1404,66,444,90,395,1338,111.438,1533,0.257664709719504,98649.6,8.45,"241750",NA,52,6,6,0,19,0.0579,0.07445
"136","F2_117",117,"245-1","BxH ApoE-/-, F2",2,2002-02-09,110,2002-04-16,2002-08-06,38,10.2,NA,2.55,NA,NA,NA,64,1236,38,471,127,409,1198,169.444,468,0.873931623931624,79249.46,15.794,"475000",NA,63,4,0,0,0,0.0545,0.0765
"137","F2_118",118,"245-2","BxH ApoE-/-, F2",2,2002-02-09,110,2002-04-16,2002-08-06,44.7,10.5,4.18,3.83,8.01,NA,17.9194630872483,97,1228,33,463,107,444,1195,176.78,847,0.524203069657615,140137.56,9.126,"186500",NA,20,1,5,0,0,0.0595,0.08625
"138","F2_119",119,"245-3","BxH ApoE-/-, F2",2,2002-02-09,110,2002-04-16,2002-08-06,40.3,10.2,2.85,3.35,6.2,NA,15.3846153846154,96,1113,38,387,87,406,1075,93.722,583,0.696397941680961,54318.48,9.438,"485500",NA,18,2,15,0,0,0.054,0.07345
"139","F2_120",120,"246-1","BxH ApoE-/-, F2",1,2002-02-11,111,2002-04-16,2002-08-06,50.8,11,2.38,2.33,4.71,"tough skin",9.2716535433071,113,1337,51,478,120,403,1286,170.774,3132,0.128671775223499,64560.68,6.619,"283250",NA,3,0,0,0,3,0.0592,0.08775
"140","F2_121",121,"246-2","BxH ApoE-/-, F2",1,2002-02-11,111,2002-04-16,2002-08-06,46.5,10.2,1.7,3.33,5.03,NA,10.8172043010753,75,1392,35,563,130,539,1357,159.066,2857,0.188659432971649,136762.22,9.364,"88250",NA,12,2,0,0,42,0.0542,0.07325
"141","F2_122",122,"246-3","BxH ApoE-/-, F2",1,2002-02-11,111,2002-04-16,2002-08-06,51.6,11,1.23,2.6,3.83,"spleenomegally",7.42248062015504,85,929,68,376,110,405,861,250.782,3368,0.120249406175772,70998.48,5.297,"131250",NA,0,0,3,0,0,0.06,0.08535
"142","F2_123",123,"246-4","BxH ApoE-/-, F2",1,2002-02-11,111,2002-04-16,2002-08-06,41.9,9.9,2.14,2.69,4.83,NA,11.527446300716,71,962,24,412,115,384,938,328.82,1167,0.329048843187661,93467.48,7.019,"437750",NA,52,15,11,0,0,0.0533,0.07225
"143","F2_124",124,"246-5","BxH ApoE-/-, F2",1,2002-02-11,111,2002-04-16,2002-08-06,52.1,10.1,3.14,3.07,6.21,NA,11.9193857965451,100,1403,46,512,119,450,1357,151.322,972,0.462962962962963,127313.14,9.82,"303750",NA,102,7,0,0,0,0.0589,0.08085
"144","F2_125",125,"248-1","BxH ApoE-/-, F2",2,2002-02-11,111,2002-04-16,2002-08-06,44.1,10.4,3.5,2.67,6.17,"large spleen",13.9909297052154,157,1656,33,580,126,590,1623,154.896,1233,0.478507704785077,104954.62,8.893,"217500",NA,60,2,0,0,0,0.0591,0.086
"145","F2_126",126,"248-2","BxH ApoE-/-, F2",2,2002-02-11,111,2002-04-16,2002-08-06,43.1,10.4,3.47,3.92,7.39,NA,17.1461716937355,124,1263,37,484,126,440,1226,149.144,NA,NA,NA,NA,"137750",NA,34,7,0,0,0,0.0575,0.0822
"146","F2_127",127,"248-3","BxH ApoE-/-, F2",2,2002-02-11,111,2002-04-16,2002-08-06,33.4,9.9,1.98,2.17,4.15,NA,12.4251497005988,84,1609,28,644,139,498,1581,173.292,457,1.08971553610503,111464.32,11.32,"201750",NA,13,0,7,0,0,0.0523,0.07635
"147","F2_128",128,"248-4","BxH ApoE-/-, F2",2,2002-02-11,111,2002-04-16,2002-08-06,35.6,9.6,2.1,3.75,5.85,NA,16.4325842696629,65,1230,45,442,94,357,1185,206.924,314,1.13694267515924,69600.92,NA,"319500",NA,0,0,NA,0,0,0.0511,0.07295
"148","B6_129",129,"249-1","B6 ApoE-/-",2,2002-02-11,167,2002-04-16,2002-08-06,25.6,8.7,0.7,0.76,1.46,NA,5.703125,10,982,22,444,101,360,960,110.396,NA,NA,NA,NA,"420750",NA,NA,0,10,0,0,0.0505,0.0679
"149","B6_130",130,"249-2","B6 ApoE-/-",2,2002-02-11,167,2002-04-16,2002-08-06,26.8,9.6,0.25,0.43,0.68,"distended intestine",2.53731343283582,3,1040,20,464,98,332,1020,225.17,NA,NA,NA,NA,"583500",NA,NA,0,14,0,0,0.0502,0.0655
"150","B6_131",131,"249-3","B6 ApoE-/-",2,2002-02-11,167,2002-04-16,2002-08-06,35.8,9.6,2,2.23,4.23,NA,11.8156424581006,15,1084,25,443,84,404,1059,144.926,444,0.90990990990991,90460.16,17.184,"512500",NA,NA,0,0,0,0,0.0514,0.067
"151","B6_132",132,"249-4","B6 ApoE-/-",2,2002-02-11,167,2002-04-16,2002-08-06,34.5,9.9,1.3,1.85,3.15,NA,9.1304347826087,21,1094,27,470,90,390,1067,163.846,NA,NA,NA,NA,"528000",NA,NA,0,0,0,0,0.0521,0.0684
"152","B6_133",133,"249-5","B6 ApoE-/-",2,2002-02-11,167,2002-04-16,2002-08-06,24,9.5,0.3,0.7,1,NA,4.16666666666667,13,995,17,444,88,333,978,NA,NA,NA,NA,NA,"530500",NA,NA,0,7,0,0,0.0507,0.0671
"153","B6_134",134,"250-1","B6 ApoE-/-",1,2002-02-11,167,2002-04-16,2002-08-06,41.6,10,1.49,2.13,3.62,NA,8.70192307692308,36,1152,30,492,119,447,1122,103.286,NA,NA,NA,NA,"423750",NA,NA,0,4,0,0,0.0542,0.07465
"154","B6_135",135,"250-2","B6 ApoE-/-",1,2002-02-11,167,2002-04-16,2002-08-06,42.8,10.2,1.84,2.04,3.88,NA,9.06542056074766,59,1350,28,566,137,495,1322,59.514,NA,NA,NA,NA,"256500",NA,NA,0,0,0,0,0.0555,0.07755
"155","B6_136",136,"250-3","B6 ApoE-/-",1,2002-02-11,167,2002-04-16,2002-08-06,31,10,0.68,0.65,1.33,NA,4.29032258064516,3,818,23,373,83,293,795,34.988,NA,NA,NA,NA,"321250",NA,NA,0,3,0,0,0.0505,0.0741
"156","C3H_137",137,"256-1","C3H ApoE-/-",1,2002-02-25,NA,2002-04-22,2002-08-14,41.3,10.4,0.93,1.69,2.62,NA,6.34382566585956,521,1310,57,554,203,513,1253,NA,NA,NA,NA,NA,"75800",NA,15,8,0,0,59,0.0545,0.08475
"157","C3H_138",138,"256-2","C3H ApoE-/-",1,2002-02-25,NA,2002-04-22,2002-08-14,41.6,10.6,1.13,1.82,2.95,NA,7.09134615384615,224,974,47,378,110,378,927,131.4,NA,NA,NA,NA,"46100",NA,16,8,0,1,67,0.062,0.09255
"158","C3H_139",139,"256-3","C3H ApoE-/-",1,2002-02-25,NA,2002-04-22,2002-08-14,47.9,10.7,0.44,2.09,2.53,NA,5.28183716075157,633,1374,69,581,211,651,1305,86.166,NA,NA,NA,NA,"63",NA,0,0,0,0,399,0.0592,0.0902
"159","C3H_140",140,"256-4","C3H ApoE-/-",1,2002-02-25,NA,2002-04-22,2002-08-14,40.7,10.6,1.15,1.27,2.42,NA,5.94594594594595,692,1355,59,574,201,513,1296,69.542,NA,NA,NA,NA,"42500",NA,4,6,0,0,48,0.0588,0.08335
"160","F2_141",141,"258-1","BxH ApoE-/-, F2",2,2002-02-25,230,2002-04-22,2002-08-14,36,10.2,2.31,1.41,3.72,NA,10.3333333333333,60,1023,36,397,99,354,987,109.12,675,0.524444444444444,57056.54,11.901,"298000",NA,24,3,0,0,3,0.055,0.0744
"161","F2_142",142,"258-2","BxH ApoE-/-, F2",2,2002-02-25,230,2002-04-22,2002-08-14,24.5,9.9,0.4,0.25,0.65,NA,2.6530612244898,38,942,27,405,95,324,915,132.174,728,0.445054945054945,9874.4,13.683,"211500",NA,0,0,0,0,0,0.0537,0.07405
"162","F2_143",143,"258-3","BxH ApoE-/-, F2",2,2002-02-25,230,2002-04-22,2002-08-14,43.1,10.5,3.23,1.55,4.78,NA,11.0904872389791,63,1148,39,515,125,494,1109,161.194,5353,0.09228470016813,264299.2,12.369,"291000",NA,0,0,1,0,0,0.0534,0.0684
"163","F2_144",144,"258-4","BxH ApoE-/-, F2",2,2002-02-25,230,2002-04-22,2002-08-14,NA,NA,1.52,0.98,2.5,NA,NA,29,1065,38,431,83,382,1027,130.456,409,0.93398533007335,23376.76,16.333,"212750",NA,0,0,0,0,2,0.0578,0.0791
"164","F2_145",145,"258-5","BxH ApoE-/-, F2",2,2002-02-25,230,2002-04-22,2002-08-14,NA,NA,1.98,1.89,3.87,NA,NA,36,1105,27,453,113,388,1078,112.564,569,0.681898066783831,121757.76,14.544,"375750",NA,27,3,0,0,0,0.0519,0.06535
"165","F2_225",225,"287-1","BxH ApoE-/-, F2",2,2002-03-19,230,2002-05-14,2002-09-04,34.1,9.8,1.74,2.31,4.05,NA,11.8768328445748,50,800,36,305,82,229,764,111.658,310,0.738709677419355,80283.54,17.734,"417750",NA,0,0,0,0,1,NA,NA
"166","F2_226",226,"287-2","BxH ApoE-/-, F2",2,2002-03-19,230,2002-05-14,2002-09-04,29,9.9,1.49,1.61,3.1,NA,10.6896551724138,53,1054,36,346,81,272,1018,101.148,397,0.685138539042821,23200.04,3.479,"168250",NA,122,25,0,2,7,0.0525,0.07375
"167","F2_227",227,"287-3","BxH ApoE-/-, F2",2,2002-03-19,230,2002-05-14,2002-09-04,36,10.3,2.2,2.15,4.35,NA,12.0833333333333,72,1500,25,517,104,419,1475,83.962,807,0.519206939281289,38309.1,4.064,"149500",NA,23,2,0,0,0,0.0552,0.07505
"168","F2_228",228,"287-4","BxH ApoE-/-, F2",2,2002-03-19,230,2002-05-14,2002-09-04,42.8,9.9,3.6,3.21,6.81,"aorta switched w/229",15.911214953271,240,1635,42,590,159,576,1593,175.25,2797,0.205934930282445,206529.2,7.306,"65250",NA,17,0,0,0,4,NA,NA
"169","F2_229",229,"288-1","BxH ApoE-/-, F2",1,2002-03-19,230,2002-05-14,2002-09-04,53.4,10.5,1.49,2.8,4.29,NA,8.03370786516854,237,1079,46,435,117,438,1033,177.942,4130,0.106053268765133,128495.32,2.743,"98250",NA,14,6,0,1,135,0.0576,0.08095
"170","F2_230",230,"288-2","BxH ApoE-/-, F2",1,2002-03-19,230,2002-05-14,2002-09-04,45.3,10.5,1.75,2.07,3.82,NA,8.43267108167771,114,1284,84,438,105,426,1200,85.832,2934,0.14519427402863,75809.5,2.872,"80000",NA,25,7,0,0,5,0.0632,0.08955
"171","F2_175",175,"268-3","BxH ApoE-/-, F2",1,2002-02-28,232,2002-04-22,2002-08-19,48.9,10.9,2.18,3.43,5.61,NA,11.4723926380368,95,873,56,259,57,358,817,329.102,3460,0.103468208092486,132790.84,5.204,"128000",NA,0,0,0,0,0,0.0566,0.0797
"172","F2_176",176,"269-1","BxH ApoE-/-, F2",1,2002-02-28,235,2002-04-22,2002-08-19,49.1,10.4,1.61,3.61,5.22,NA,10.6313645621181,87,1276,47,525,146,521,1229,199.896,7495,0.0695130086724483,109383.44,6.324,"260250",NA,25,10,0,0,0,0.0565,0.0758
"173","F2_177",177,"269-2","BxH ApoE-/-, F2",1,2002-02-28,235,2002-04-22,2002-08-19,55.5,10.6,1.2,3.65,4.85,NA,8.73873873873874,90,1139,78,324,65,373,1061,138.098,2438,0.152994257588187,60136.48,3.539,"69250",NA,18,9,0,0,6,0.0557,0.0757
"174","F2_178",178,"269-3","BxH ApoE-/-, F2",1,2002-02-28,235,2002-04-22,2002-08-19,55.7,10.6,1.35,2.79,4.14,NA,7.4326750448833,107,860,95,254,60,397,765,116.748,5614,0.0707160669754186,63083.62,3.668,"237750",NA,9,0,10,0,1,0.0593,0.0802
"175","F2_179",179,"269-4","BxH ApoE-/-, F2",1,2002-02-28,235,2002-04-22,2002-08-19,48.6,10.3,1.33,2.28,3.61,"large spleen",7.42798353909465,103,817,78,259,62,348,739,172.376,6120,0.0568627450980392,67388.16,4.39,"124000",NA,0,0,0,0,2,0.0567,0.0783
"176","F2_180",180,"270-1","BxH ApoE-/-, F2",2,2002-02-28,235,2002-04-22,2002-08-19,41.8,10.2,2.63,2.79,5.42,NA,12.9665071770335,85,1078,46,384,93,413,1032,93.966,1294,0.319165378670788,121768.04,10.074,"210250",NA,0,0,0,0,0,0.0593,0.08635
"177","F2_346",346,"360-1","BxH ApoE-/-, F2",1,2002-05-05,NA,2002-07-24,2002-11-13,44.8,10.6,1.18,2,3.18,NA,7.09821428571429,110,1509,32,465,74,353,1477,189.62,6311,0.0559340833465378,114185.38,8.349,"125625",NA,0,0,0,NA,NA,NA,NA
"178","F2_347",347,"360-2","BxH ApoE-/-, F2",1,2002-05-05,NA,2002-07-24,2002-11-13,47.7,10.7,1.6,2.54,4.14,NA,8.67924528301887,104,1438,47,522,127,509,1391,451.404,3345,0.152167414050822,136925.44,6.185,"114000",NA,28,2,0,NA,NA,NA,NA
"179","F2_348",348,"360-3","BxH ApoE-/-, F2",1,2002-05-05,NA,2002-07-24,2002-11-13,46.8,10.7,1.78,2.17,3.95,"slightly enlarged spleen",8.44017094017094,184,982,71,371,97,496,911,147.586,3108,0.15958815958816,48514.3,8.217,"23250",NA,8,5,0,NA,NA,NA,NA
"180","F2_349",349,"360-4","BxH ApoE-/-, F2",1,2002-05-05,NA,2002-07-24,2002-11-13,49.7,10.4,1.52,3.1,4.62,NA,9.29577464788732,104,768,39,259,70,381,729,203.946,1969,0.193499238191976,100306.26,14.122,"284500",NA,0,0,0,NA,NA,NA,NA
"181","F2_350",350,"362-1","BxH ApoE-/-, F2",1,2002-05-31,228,2002-07-24,2002-11-13,44,10.5,1.48,2.35,3.83,NA,8.70454545454546,104,1443,48,435,85,277,1395,275.782,1405,0.197153024911032,86119.52,7.258,"145000",NA,0,0,0,NA,NA,NA,NA
"182","F2_351",351,"362-2","BxH ApoE-/-, F2",1,2002-05-31,228,2002-07-24,2002-11-13,42,10.6,1.3,NA,NA,NA,NA,38,925,39,319,73,319,886,215.706,2176,0.146599264705882,109984.98,NA,"215000",NA,0,0,0,NA,NA,NA,NA
"183","F2_352",352,"362-3","BxH ApoE-/-, F2",1,2002-05-31,228,2002-07-24,2002-11-13,49.4,10.3,1.18,2,3.18,NA,6.43724696356275,91,1048,39,389,88,395,1009,240.54,5758,0.0686002084056964,86981.98,8.924,"235000",NA,0,0,7,NA,NA,NA,NA
"184","F2_353",353,"362-4","BxH ApoE-/-, F2",1,2002-05-31,228,2002-07-24,2002-11-13,50.8,10.9,1.08,2.53,3.61,NA,7.10629921259843,72,1542,37,505,90,444,1505,243.04,9621,0.04614904895541,119242.6,NA,"157750",NA,24,5,0,NA,NA,NA,NA
"185","F2_354",354,"363-1","BxH ApoE-/-, F2",1,2002-05-31,228,2002-07-24,2002-11-13,52.3,10.7,0.73,2.25,2.98,NA,5.69789674952199,56,1167,70,343,57,352,1097,164.952,16750,0.0210149253731343,163143.12,10.264,"241500",NA,6,0,2,NA,NA,NA,NA
"186","F2_355",355,"364-1","BxH ApoE-/-, F2",2,2002-05-31,228,2002-07-24,2002-11-13,40.9,10.4,2.78,1.91,4.69,"spleenomegaly",11.4669926650367,199,663,30,280,95,358,633,189.248,829,0.431845597104946,55794.9,12.134,"109500",NA,22,0,0,NA,NA,0.0564,0.07865
"187","F2_356",356,"364-2","BxH ApoE-/-, F2",2,2002-05-31,228,2002-07-24,2002-11-13,NA,NA,2.37,2.99,5.36,NA,NA,106,763,24,308,94,342,739,106.98,599,0.570951585976628,87964.28,20.894,"117250",NA,20,11,0,NA,NA,NA,NA
"188","F2_357",357,"364-3","BxH ApoE-/-, F2",2,2002-05-31,228,2002-07-24,2002-11-13,45.7,10.8,4.45,2.69,7.14,NA,15.6236323851203,44,1118,51,326,67,372,1067,130.184,1795,0.207242339832869,169716.36,NA,"214750",NA,27,5,0,NA,NA,NA,NA
"189","F2_358",358,"364-4","BxH ApoE-/-, F2",2,2002-05-31,228,2002-07-24,2002-11-13,47.9,10.6,5.32,2.77,8.09,NA,16.8893528183716,51,2484,30,867,136,529,2454,300.202,NA,NA,NA,NA,"238000",NA,26,1,0,NA,NA,NA,NA
"190","F2_359",359,"364-5","BxH ApoE-/-, F2",2,2002-05-31,228,2002-07-24,2002-11-13,43.4,10.6,3.23,2.34,5.57,NA,12.8341013824885,NA,NA,NA,NA,NA,NA,NA,205.428,1807,NA,111533.32,9.469,"278000",NA,12,7,9,NA,NA,NA,NA
"191","C3H_360",360,"486-1","C3H ApoE-/-",2,2002-12-30,NA,2003-02-21,2003-06-16,35.6,10.5,1.97,1.46,3.43,NA,9.63483146067416,211,1632,33,532,121,343,1599,167.054,1113,0.308176100628931,33529.46,10.327,NA,NA,NA,NA,NA,NA,NA,0.0601,0.0858
"192","C3H_361",361,"486-2","C3H ApoE-/-",2,2002-12-30,NA,2003-02-21,2003-06-16,35,10.6,2.49,1,3.49,NA,9.97142857142857,209,1032,41,344,106,301,991,80.156,3009,0.100033233632436,35257.64,5.943,NA,NA,NA,NA,NA,NA,NA,0.0578,0.0822
"193","C3H_362",362,"486-3","C3H ApoE-/-",2,2002-12-30,NA,2003-02-21,2003-06-16,30.9,10.2,1.36,0.91,2.27,NA,7.3462783171521,72,1240,35,384,89,289,1205,95.488,926,0.312095032397408,11375.9,8.533,NA,NA,NA,NA,NA,NA,NA,0.059,0.0859
"194","C3H_363",363,"486-4","C3H ApoE-/-",2,2002-12-30,NA,2003-02-21,2003-06-16,30.8,10.5,1.35,1.06,2.41,NA,7.82467532467532,200,1384,30,504,138,363,1354,107.602,979,0.370786516853933,9193.5,6.325,NA,NA,NA,NA,NA,NA,NA,0.0567,0.0794
"195","F2_203",203,"275-4","BxH ApoE-/-, F2",2,2002-03-04,112,2002-04-29,2002-08-21,34.7,10.3,1.9,1.59,3.49,NA,10.0576368876081,75,1505,55,499,91,410,1450,76.688,598,0.68561872909699,26021.62,8.778,"311250",NA,60,5,0,0,1,0.0569,0.0797
"196","C3H_204",204,"172-1","C3H ApoE-/-",1,2001-11-28,103,NA,2002-08-27,40.7,10.5,1.86,2.29,4.15,NA,10.1965601965602,428,1130,54,435,149,562,1076,102.822,1661,0.338350391330524,78500.74,4.002,"77900",NA,4,4,0,6,13,0.0579,0.08525
"197","C3H_205",205,"172-2","C3H ApoE-/-",1,2001-11-28,103,NA,2002-08-27,45.2,10.4,0.74,2.14,2.88,"tumor",6.3716814159292,911,1261,69,554,201,570,1192,95.704,9541,0.0597421653914684,44125.58,3.856,"84800",NA,0,0,0,0,38,0.0572,0.08345
"198","C3H_206",206,"172-3","C3H ApoE-/-",1,2001-11-28,103,NA,2002-08-27,43.9,10.2,0.9,1.98,2.88,NA,6.56036446469248,547,1292,63,526,184,572,1229,110.398,4637,0.123355617856373,58037.8,3.623,"85100",NA,12,11,3,15,126,0.0582,0.0886
"199","F2_207",207,"276-1","BxH ApoE-/-, F2",1,2002-03-04,226112,2002-04-29,2002-08-27,56.9,11,0.98,3.17,4.15,NA,7.29349736379613,169,1696,47,569,115,506,1649,117.722,14028,0.0360707157114343,108322.28,2.927,"78750",NA,26,1,0,0,15,0.0593,0.0824
"200","F2_208",208,"276-2","BxH ApoE-/-, F2",1,2002-03-04,226112,2002-04-29,2002-08-27,51.7,10.5,1.86,3.15,5.01,"spleenomegally",9.69052224371373,176,861,112,249,66,296,749,200.458,3581,0.0826584752862329,140285.06,5.631,"103750",NA,43,0,2,0,0,0.0546,0.07675
"201","F2_209",209,"276-3","BxH ApoE-/-, F2",1,2002-03-04,226112,2002-04-29,2002-08-27,42.9,10.4,2.26,2.54,4.8,NA,11.1888111888112,129,1424,48,522,135,456,1376,60.614,1966,0.231943031536114,106657.66,6.615,"257500",NA,74,14,0,0,0,0.0567,0.0786
"202","F2_210",210,"276-4","BxH ApoE-/-, F2",1,2002-03-04,226112,2002-04-29,2002-08-27,38.5,10.5,1.05,1.57,2.62,"spleenomegally",6.80519480519481,585,1151,20,403,104,368,1131,57.12,2494,0.147554129911788,13607.3,4.516,"15313",NA,0,0,0,0,0,0.0494,0.06785
"203","F2_211",211,"277-1","BxH ApoE-/-, F2",2,2002-03-04,226112,2002-04-29,2002-08-27,40,9.7,3.48,2.64,6.12,NA,15.3,193,1097,35,363,95,347,1062,60.4,1459,0.237834132967786,27777.38,11.085,"319000",NA,22,3,0,0,0,0.0568,0.0815
"204","F2_212",212,"277-2","BxH ApoE-/-, F2",2,2002-03-04,226112,2002-04-29,2002-08-27,35.4,9.8,2.31,2.34,4.65,"kidney/spleen in 213? DNAs corrected",13.135593220339,67,1604,26,600,138,393,1578,143.988,547,0.718464351005484,61563.78,20.195,"390000",NA,28,2,0,0,0,0.0542,0.0782
"205","F2_213",213,"277-3","BxH ApoE-/-, F2",2,2002-03-04,226112,2002-04-29,2002-08-27,39.6,10.3,3.39,2.35,5.74,"kidney/spleen in 214? DNAs corrected",14.4949494949495,462,1691,28,652,198,727,1663,134.378,1129,0.643932683790965,41969.9,9.13,"144750",NA,0,0,0,2,7,0.0545,0.0825
"206","F2_1",1,"133-1","BxH ApoE-/-, F2",2,2001-10-22,111,2001-12-17,2002-04-08,42.8,9.6,2.75,3.13,5.88,NA,13.7383177570093,NA,NA,NA,NA,NA,NA,NA,NA,NA,NA,NA,NA,"205000",NA,8,3,0,0,1,NA,NA
"207","F2_2",2,"133-2","BxH ApoE-/-, F2",2,2001-10-22,111,2001-12-17,2002-04-08,38,10.5,3.81,2.78,6.59,NA,17.3421052631579,14,1646,34,668,132,499,1612,202.82,NA,NA,NA,NA,"224500",NA,56,5,0,0,0,NA,NA
"208","F2_3",3,"133-3","BxH ApoE-/-, F2",2,2001-10-22,111,2001-12-17,2002-04-08,33.5,10.8,1.7,2.05,3.75,NA,11.1940298507463,109,1216,27,402,96,397,1189,138.232,944,0.420550847457627,15148.76,14.339,"296250",NA,8,4,NA,0,0,NA,NA
"209","F2_4",4,"134-1","BxH ApoE-/-, F2",1,2001-10-22,111,2001-12-17,2002-04-08,51.5,11.3,0.94,3.22,4.16,NA,8.07766990291262,156,1382,46,517,147,590,1336,188.5,9300,0.0634408602150538,21409.58,4.894,"171000",NA,12,10,NA,0,8,NA,NA
"210","F2_5",5,"134-2","BxH ApoE-/-, F2",1,2001-10-22,111,2001-12-17,2002-04-08,59.2,11.5,1.37,4.03,5.4,NA,9.12162162162162,261,1563,55,585,140,594,1508,221.592,NA,NA,NA,NA,"49375",NA,64,9,NA,0,62,NA,NA
"211","F2_6",6,"134-3","BxH ApoE-/-, F2",1,2001-10-22,111,2001-12-17,2002-04-08,51.5,11,1.66,2.35,4.01,NA,7.78640776699029,134,1823,51,718,161,758,1772,137.462,NA,NA,NA,NA,"65000",NA,8,9,NA,2,3,NA,NA
"212","F2_7",7,"135-1","BxH ApoE-/-, F2",1,2001-10-22,111,2001-12-17,2002-04-08,56.5,11.2,1.1,2.6,3.7,NA,6.54867256637168,192,1589,57,687,172,734,1532,246.606,20538,0.0357386308306554,27676.56,8.664,"144500",NA,0,0,NA,0,0,NA,NA
"213","F2_8",8,"135-2","BxH ApoE-/-, F2",1,2001-10-22,111,2001-12-17,2002-04-08,48.5,10.7,0.94,2.22,3.16,NA,6.51546391752577,79,1265,59,371,85,406,1206,229.812,NA,NA,NA,NA,"122500",NA,32,9,NA,0,35,NA,NA
"214","F2_9",9,"135-3","BxH ApoE-/-, F2",1,2001-10-22,111,2001-12-17,2002-04-08,52.7,11.3,2.08,2.74,4.82,"black 9=10",9.146110056926,96,1375,75,438,92,423,1300,148.444,4435,0.0953776775648253,NA,NA,"118125",NA,0,0,NA,0,0,NA,NA
"215","F2_10",10,"136-1","BxH ApoE-/-, F2",1,2001-10-22,109,2001-12-17,2002-04-08,58.4,12,1.79,2.77,4.56,NA,7.80821917808219,134,1567,45,625,153,564,1522,262.336,22267,0.0253289621412853,NA,NA,NA,NA,54,17,NA,0,53,NA,NA
"216","F2_11",11,"136-2","BxH ApoE-/-, F2",1,2001-10-22,109,2001-12-17,2002-04-08,45.8,10.5,1.84,2.54,4.38,NA,9.56331877729258,75,1830,45,773,167,595,1785,240.766,NA,NA,NA,NA,"158125",0.75,10,7,NA,0,0,NA,NA
"217","F2_12",12,"136-3","BxH ApoE-/-, F2",1,2001-10-22,109,2001-12-17,2002-04-08,51,11.4,1.77,2.46,4.23,NA,8.29411764705882,95,1200,42,495,137,489,1158,163.96,11307,0.0432475457681082,12263.32,4.023,"124375",0.75,6,6,NA,2,0,NA,NA
"218","F2_13",13,"136-4","BxH ApoE-/-, F2",1,2001-10-22,109,2001-12-17,2002-04-08,57.3,11.7,1.5,2.7,4.2,NA,7.32984293193717,128,1447,42,478,89,364,1405,211.566,NA,NA,NA,NA,"224250",NA,20,2,NA,0,0,NA,NA
"219","F2_14",14,"137-1","BxH ApoE-/-, F2",2,2001-10-22,109,2001-12-17,2002-04-08,33.9,10,1.29,1.67,2.96,NA,8.73156342182891,2,834,17,354,98,424,817,161.552,632,0.670886075949367,6188.74,15.439,"486313",0.75,27,12,NA,1,8,NA,NA
"220","F2_15",15,"137-2","BxH ApoE-/-, F2",2,2001-10-22,109,2001-12-17,2002-04-08,44.3,10.3,3.62,3.34,6.96,NA,15.7110609480813,71,1565,41,536,111,557,1524,115.5,3326,0.167468430547204,18400.26,11.124,"180750",NA,0,0,NA,0,4,NA,NA
"221","F2_16",16,"143-1","BxH ApoE-/-, F2",1,2001-10-24,110,2001-12-17,2002-04-08,53.4,11.2,1.08,3.41,4.49,NA,8.40823970037453,63,1655,69,658,149,652,1586,139.778,4659,0.139944194033054,16088.92,6.663,"122500",NA,24,9,NA,0,4,NA,NA
"222","F2_17",17,"143-2","BxH ApoE-/-, F2",1,2001-10-24,110,2001-12-17,2002-04-08,48.1,10.6,2.63,2.92,5.55,NA,11.5384615384615,54,992,42,352,99,344,950,114.502,3081,0.11165206101915,21059.52,10.312,"163844",0.75,0,0,0,0,0,NA,NA
"223","F2_18",18,"143-3","BxH ApoE-/-, F2",1,2001-10-24,110,2001-12-17,2002-04-08,52.8,11.4,1.62,3.07,4.69,"yellow intestine",8.88257575757576,71,1022,36,390,101,380,986,280.014,2137,0.177819372952737,11320.3,6.602,"50500",NA,48,11,NA,0,0,NA,NA
"224","F2_19",19,"144-1","BxH ApoE-/-, F2",2,2001-10-24,110,2001-12-17,2002-04-08,32.9,9.7,2.08,1.85,3.93,NA,11.9452887537994,55,1060,41,411,115,382,1019,148.868,426,0.896713615023474,8438.7,16.842,"113000",NA,0,0,NA,0,0,NA,NA
"225","F2_20",20,"144-2","BxH ApoE-/-, F2",2,2001-10-24,110,2001-12-17,2002-04-08,44.8,10.3,3.72,3.2,6.92,"yellow intestine",15.4464285714286,34,1172,39,448,111,456,1133,126.012,2906,0.15691672401927,41801.54,13.498,"166750",NA,6,0,NA,0,0,NA,NA
"226","F2_21",21,"144-3","BxH ApoE-/-, F2",2,2001-10-24,110,2001-12-17,2002-04-08,30.4,9.6,1.51,1.69,3.2,NA,10.5263157894737,24,1018,18,513,135,432,1000,179.174,616,0.701298701298701,7976.48,18.802,"496250",NA,28,6,NA,3,0,NA,NA
"227","F2_22",22,"145-1","BxH ApoE-/-, F2",1,2001-10-24,113,2001-12-17,2002-04-08,47.6,10.4,1.61,2.72,4.33,NA,9.09663865546218,27,1320,30,580,128,544,1290,166.472,7567,0.0718911061186732,21099.4,10.424,"309750",NA,15,7,NA,0,0,NA,NA
"228","F2_23",23,"151-1","BxH ApoE-/-, F2",2,2001-11-10,112,2002-01-08,2002-04-30,36.9,10,2.07,2.8,4.87,NA,13.1978319783198,198,1530,36,636,161,541,1494,97.506,920,0.58804347826087,24133.54,14.511,"234000",NA,28,8,NA,0,0,NA,NA
"229","F2_24",24,"151-2","BxH ApoE-/-, F2",2,2001-11-10,112,2002-01-08,2002-04-30,39.5,10,2.79,2.62,5.41,NA,13.6962025316456,186,1434,23,517,122,465,1411,211.318,1895,0.245382585751979,52360,13.813,"267500",NA,33,8,NA,0,1,NA,NA
"230","F2_25",25,"151-3","BxH ApoE-/-, F2",2,2001-11-10,112,2002-01-08,2002-04-30,39.1,9.8,1.3,4.15,5.45,NA,13.9386189258312,128,1316,35,522,135,477,1281,150.434,264,1.80681818181818,114960,11.453,"268250",NA,23,9,2,0,0,NA,NA
"231","F2_26",26,"151-4","BxH ApoE-/-, F2",2,2001-11-10,112,2002-01-08,2002-04-30,42.5,9.9,2.68,4.56,7.24,NA,17.0352941176471,357,1758,56,644,169,663,1702,191.716,7293,0.0909090909090909,126880,14.118,"198000",NA,0,0,0,0,0,NA,NA
"232","F2_27",27,"152-1","BxH ApoE-/-, F2",1,2001-11-10,112,2002-01-08,2002-04-30,53.8,11,0.9,2.56,3.46,NA,6.43122676579926,169,1582,52,539,99,416,1530,171.582,29699,0.0140072056298192,81680,5.806,"239750",NA,12,5,NA,0,0,NA,NA
"233","F2_28",28,"152-2","BxH ApoE-/-, F2",1,2001-11-10,112,2002-01-08,2002-04-30,35.7,10.7,1.78,2.23,4.01,"black coat",11.2324929971989,136,1255,34,444,92,483,1221,132.238,3458,0.139676113360324,66240,8.49,"144500",NA,31,9,0,0,0,NA,NA
"234","F2_29",29,"152-3","BxH ApoE-/-, F2",1,2001-11-10,112,2002-01-08,2002-04-30,46.5,10.7,0.89,2.38,3.27,NA,7.03225806451613,194,1506,53,511,114,447,1453,362.996,3866,0.115623383341956,51840,8.224,"148000",NA,0,0,0,0,0,NA,NA
"235","F2_30",30,"153-1","BxH ApoE-/-, F2",1,2001-11-10,112,2002-01-08,2002-04-30,49.2,10.7,0.98,2.31,3.29,NA,6.6869918699187,228,1496,57,529,139,559,1439,128.966,12556,0.0445205479452055,47520,6.387,"150500",NA,33,3,0,0,0,NA,NA
"236","F2_31",31,"153-2","BxH ApoE-/-, F2",1,2001-11-10,112,2002-01-08,2002-04-30,48.8,10.4,0.96,2,2.96,NA,6.0655737704918,66,1335,46,460,90,459,1289,400.114,8201,0.0559687842945982,99620,9.116,"183750",NA,0,0,0,0,0,NA,NA
"237","F2_32",32,"153-3","BxH ApoE-/-, F2",1,2001-11-10,112,2002-01-08,2002-04-30,43.1,10.1,2.57,2.67,5.24,NA,12.1577726218097,410,1966,47,696,140,661,1919,159.608,1526,0.433158584534731,82500,10.402,"249250",NA,34,4,0,0,0,NA,NA
"238","F2_33",33,"153-4","BxH ApoE-/-, F2",1,2001-11-10,112,2002-01-08,2002-04-30,46.9,10.3,1.88,2.6,4.48,NA,9.55223880597015,218,2053,57,657,126,550,1996,145.474,14085,0.0390486332978346,92560,7.969,"103500",NA,0,0,0,0,1,NA,NA
"239","F2_34",34,"154-1","BxH ApoE-/-, F2",1,2001-11-13,109,2002-01-08,2002-04-30,54.2,10.7,1.79,3.45,5.24,NA,9.6678966789668,226,1411,40,528,106,427,1371,142.912,29699,0.0143775884709923,145560,5.131,"163250",NA,56,5,0,0,5,NA,NA
"240","F2_35",35,"154-2","BxH ApoE-/-, F2",1,2001-11-13,109,2002-01-08,2002-04-30,59.4,10.4,2.75,3.87,6.62,NA,11.1447811447811,79,2747,54,1289,203,780,2693,275.108,11998,0.0650108351391899,172480,5.455,"152250",NA,34,6,0,0,4,NA,NA
"241","F2_36",36,"155-1","BxH ApoE-/-, F2",2,2001-11-13,NA,2002-01-08,2002-04-30,38.8,10,2.44,2.27,4.71,NA,12.139175257732,82,1851,47,578,87,384,1804,75.338,854,0.449648711943794,62600,15.652,"126880",0.6,6,0,0,0,0,NA,NA
"242","F2_60",60,"175-3","BxH ApoE-/-, F2",1,2001-12-07,112,2002-02-01,2002-05-17,51.2,10.1,1.06,2.88,3.94,NA,7.6953125,335,2104,48,847,208,866,2056,253.53,29699,0.0291592309505371,108120,4.156,"69000",NA,10,2,0,NA,NA,NA,NA
"243","F2_61",61,"175-4a","BxH ApoE-/-, F2",1,2001-12-07,112,2002-02-01,2002-05-17,37.3,10.2,0.95,1.56,2.51,NA,6.72922252010724,56,1169,37,418,98,398,1132,239.458,824,0.483009708737864,15380,5.48,"140750",NA,36,3,2,NA,NA,NA,NA
"244","F2_62",62,"175-5a","BxH ApoE-/-, F2",1,2001-12-07,112,2002-02-01,2002-05-17,46.2,10.9,1.25,2.04,3.29,NA,7.12121212121212,104,1364,55,501,141,487,1309,255.022,5407,0.0900684298132051,56740,4.4,"128500",NA,59,20,0,NA,NA,NA,NA
"245","F2_63",63,"178-1","BxH ApoE-/-, F2",2,2001-12-07,112,2002-02-01,2002-05-17,43.2,10.5,1.89,3.97,5.86,NA,13.5648148148148,38,1508,43,582,136,489,1465,125.6,1860,0.262903225806452,73080,7.065,"273250",NA,48,4,0,NA,NA,NA,NA
"246","F2_64",64,"178-2","BxH ApoE-/-, F2",2,2001-12-07,112,2002-02-01,2002-05-17,38.7,10.7,1.55,3.38,4.93,"black",12.7390180878553,108,1496,47,477,100,438,1449,147.612,360,1.21666666666667,47620,8.479,"148500",NA,10,2,0,NA,NA,NA,NA
"247","F2_65",65,"178-3","BxH ApoE-/-, F2",2,2001-12-07,112,2002-02-01,2002-05-17,40.4,10.5,1.71,4.44,6.15,"black, adjust ab fat up",15.2227722772277,72,1492,36,456,91,466,1456,127.382,1125,0.414222222222222,88200,8.992,"235250",NA,33,0,0,NA,NA,NA,NA
"248","F2_66",66,"178-4","BxH ApoE-/-, F2",2,2001-12-07,112,2002-02-01,2002-05-17,38.9,9.8,1.59,4.21,5.8,"66-67 muscle",14.9100257069409,98,2014,36,695,131,568,1978,154.75,1343,0.422933730454207,84800,10.305,"114500",NA,23,6,0,NA,NA,NA,NA
"249","F2_67",67,"178-5","BxH ApoE-/-, F2",2,2001-12-07,112,2002-02-01,2002-05-17,32.1,9.9,0.89,2.77,3.66,"switched",11.4018691588785,42,771,24,252,56,298,747,88.344,504,0.591269841269841,122200,6.17,"484750",NA,0,0,3,NA,NA,NA,NA
"250","F2_68",68,"180-1","BxH ApoE-/-, F2",2,2001-12-10,111,2002-02-01,2002-05-17,32,9.9,1.54,2.75,4.29,NA,13.40625,70,1391,30,568,144,472,1361,114.75,911,0.518111964873765,24720,9.374,"274750",NA,39,15,21,NA,NA,NA,NA
"251","F2_69",69,"180-2","BxH ApoE-/-, F2",2,2001-12-10,111,2002-02-01,2002-05-17,34.9,9.9,1.6,3.22,4.82,NA,13.810888252149,80,829,59,230,60,292,770,91.028,560,0.521428571428571,46340,6.85,"109250",NA,12,2,3,NA,NA,NA,NA
"252","F2_70",70,"180-3","BxH ApoE-/-, F2",2,2001-12-10,111,2002-02-01,2002-05-17,23.9,9.8,0.53,1.4,1.93,"black, malocclusion?",8.07531380753138,80,857,36,364,110,426,821,125.6,420,1.01428571428571,6560,8.827,"470500",NA,4,0,17,NA,NA,NA,NA
"253","F2_71",71,"181-1","BxH ApoE-/-, F2",2,2001-12-10,111,2002-02-01,2002-05-17,40.9,10,NA,4.66,NA,NA,NA,38,1895,38,649,112,497,1857,169.296,NA,NA,NA,NA,"271750",NA,5,4,3,NA,NA,NA,NA
"254","F2_72",72,"181-2","BxH ApoE-/-, F2",2,2001-12-10,111,2002-02-01,2002-05-17,30.9,9.7,1.67,2.43,4.1,"malocclusion?",13.2686084142395,44,840,29,312,74,367,811,154.896,599,0.612687813021703,37800,9.239,"422250",NA,3,0,0,NA,NA,NA,NA
"255","F2_73",73,"182-1","BxH ApoE-/-, F2",1,2001-12-10,111,2002-02-01,2002-05-17,59.2,11.1,1.51,4.1,5.61,NA,9.47635135135135,82,1714,41,680,159,592,1673,823.048,29699,0.0199333310885888,79840,3.295,"211250",NA,24,4,0,NA,NA,NA,NA
"256","F2_74",74,"182-2","BxH ApoE-/-, F2",1,2001-12-10,111,2002-02-01,2002-05-17,50.1,10.7,1.04,3.2,4.24,NA,8.46307385229541,143,1679,41,546,122,509,1638,153.874,9320,0.0546137339055794,72760,3.566,"207750",NA,32,3,2,NA,NA,NA,NA
"257","F2_75",75,"182-3","BxH ApoE-/-, F2",1,2001-12-10,111,2002-02-01,2002-05-17,49.6,11.5,0.68,3.08,3.76,NA,7.58064516129032,101,1689,40,651,142,610,1649,261.248,4684,0.130230572160547,51360,2.813,"169000",NA,40,10,14,NA,NA,NA,NA
"258","F2_76",76,"182-4","BxH ApoE-/-, F2",1,2001-12-10,111,2002-02-01,2002-05-17,51.3,11.2,1.28,3.74,5.02,NA,9.78557504873294,64,1402,52,554,152,510,1350,340.162,15262,0.0334163281352378,75600,3.49,"238000",NA,64,5,0,NA,NA,NA,NA
"259","F2_77",77,"198-1","BxH ApoE-/-, F2",2,2001-12-28,110,2002-02-26,2002-06-19,45.6,11,3.64,3.93,7.57,NA,16.6008771929825,87,1276,27,456,122,398,1249,93.168,1478,0.269282814614344,75400,4.71,"382500",NA,15,3,13,NA,NA,NA,NA
"260","F2_78",78,"198-2","BxH ApoE-/-, F2",2,2001-12-28,110,2002-02-26,2002-06-19,37.1,10,1.79,2.19,3.98,"yellow liver",10.7277628032345,108,1112,25,436,126,436,1087,123.392,1166,0.373927958833619,20900,5.767,"86000",NA,6,4,0,NA,NA,NA,NA
"261","F2_79",79,"198-3","BxH ApoE-/-, F2",2,2001-12-28,110,2002-02-26,2002-06-19,38.7,11,2.68,2.34,5.02,NA,12.9715762273902,63,1146,43,384,108,435,1103,117.01,1647,0.264116575591985,33620,4.676,"316500",NA,0,2,11,NA,NA,NA,NA
"262","F2_80",80,"198-4","BxH ApoE-/-, F2",2,2001-12-28,110,2002-02-26,2002-06-19,42.7,10.5,4.1,4.74,8.84,"white liver",20.7025761124122,41,1382,26,505,96,394,1356,110.806,3239,0.121642482247607,66480,4.82,"197500",NA,18,0,0,NA,NA,NA,NA
"263","F2_81",81,"199-1","BxH ApoE-/-, F2",2,2001-12-28,110,2002-02-26,2002-06-19,33.7,10.2,1.86,2.38,4.24,"muscle switched w 82",12.5816023738872,77,1063,27,403,102,355,1036,81.628,1549,0.229180116204003,47660,6.102,"291000",NA,52,10,0,NA,NA,NA,NA
"264","F2_82",82,"199-2","BxH ApoE-/-, F2",2,2001-12-28,110,2002-02-26,2002-06-19,42.9,11,1.32,1.64,2.96,NA,6.8997668997669,62,1568,53,547,137,570,1515,163.398,668,0.853293413173653,NA,NA,"242750",NA,52,2,7,NA,NA,NA,NA
"265","F2_83",83,"199-3","BxH ApoE-/-, F2",2,2001-12-28,110,2002-02-26,2002-06-19,39,10.5,3.93,2.18,6.11,"white liver",15.6666666666667,47,1726,39,591,130,522,1687,91.788,1118,0.46690518783542,63940,7.111,"423750",NA,32,4,8,NA,NA,NA,NA
"266","F2_37",37,"155-2","BxH ApoE-/-, F2",2,2001-11-13,NA,2002-01-08,2002-04-30,25.7,9.4,0.42,0.6,1.02,"black coat",3.96887159533074,109,1305,23,443,97,430,1282,269.608,653,0.658499234303216,17100,12.47,"121000",NA,0,0,0,0,3,NA,NA
"267","F2_38",38,"155-3","BxH ApoE-/-, F2",2,2001-11-13,NA,2002-01-08,2002-04-30,26.5,9.4,0.65,0.99,1.64,NA,6.18867924528302,69,1083,23,435,104,462,1060,98.794,485,0.95257731958763,20520,10.666,"299000",NA,27,1,0,1,4,NA,NA
"268","F2_39",39,"156-1","BxH ApoE-/-, F2",1,2001-11-15,111,2002-01-08,2002-04-30,50.3,10.4,1.32,2.47,3.79,"black coat",7.53479125248509,134,1832,49,552,103,409,1783,182.484,23634,0.0173055767115173,76900,4.645,"70250",NA,3,0,0,0,4,NA,NA
"269","F2_181",181,"270-2","BxH ApoE-/-, F2",2,2002-02-28,235,2002-04-22,2002-08-19,31.2,10.2,1.34,1.15,2.49,NA,7.98076923076923,74,1353,52,370,60,339,1301,155.822,385,0.88051948051948,36938.46,7.249,"342500",NA,36,4,0,0,0,0.0549,0.07915
"270","F2_182",182,"270-3","BxH ApoE-/-, F2",2,2002-02-28,235,2002-04-22,2002-08-19,36,10.1,2.96,2.01,4.97,NA,13.8055555555556,40,1026,62,286,53,341,964,68.874,454,0.751101321585903,58917.6,8.2,"163000",NA,0,0,0,0,0,0.0543,0.0719
"271","F2_183",183,"271-1","BxH ApoE-/-, F2",1,2002-03-01,228,2002-04-29,2002-08-21,50.2,10.7,1.55,2.55,4.1,NA,8.16733067729083,37,855,42,268,63,229,813,146.846,1448,0.158149171270718,89386.56,6.674,"411500",NA,12,0,0,0,0,0.0569,0.08085
"272","F2_184",184,"271-2","BxH ApoE-/-, F2",1,2002-03-01,228,2002-04-29,2002-08-21,52.1,11,0.61,2.13,2.74,NA,5.25911708253359,152,1232,78,420,107,405,1154,164.942,6430,0.0629860031104199,68329.66,4.049,"219250",NA,24,3,0,0,1,0.0609,0.0869
"273","F2_185",185,"271-3","BxH ApoE-/-, F2",1,2002-03-01,228,2002-04-29,2002-08-21,43.4,10.9,1.49,2.37,3.86,"aorta?",8.89400921658986,139,946,39,326,89,405,907,67.14,947,0.42766631467793,67841.8,6.866,"266500",NA,40,7,0,7,13,0.0552,0.07925
"274","F2_186",186,"271-4","BxH ApoE-/-, F2",1,2002-03-01,228,2002-04-29,2002-08-21,39.3,10.4,1.28,1.67,2.95,"brain switch 187",7.50636132315522,44,851,53,296,66,303,798,79.868,1964,0.154276985743381,61515.86,4.981,"112500",NA,0,0,0,0,4,0.0602,0.0796
"275","F2_187",187,"272-1","BxH ApoE-/-, F2",2,2002-03-01,228,2002-04-29,2002-08-21,40.9,10.3,3.04,2.43,5.47,"brain switch 186",13.3740831295844,79,1169,60,415,98,402,1109,112.106,2243,0.179224253232278,110412.14,8.23,"184000",NA,0,0,0,0,0,0.0561,0.0832
"276","F2_188",188,"272-2","BxH ApoE-/-, F2",2,2002-03-01,228,2002-04-29,2002-08-21,31.5,10.4,1.06,1.38,2.44,NA,7.74603174603175,56,1011,38,349,84,326,973,110.698,733,0.44474761255116,38630.06,11.512,"203250",NA,16,3,0,3,12,0.0582,0.0717
"277","F2_189",189,"272-3","BxH ApoE-/-, F2",2,2002-03-01,228,2002-04-29,2002-08-21,36.4,10.5,2.08,2.16,4.24,NA,11.6483516483517,64,1008,48,347,96,399,960,68.598,534,0.747191011235955,72381.04,10.741,"218000",NA,20,6,0,0,0,0.0546,0.08255
"278","F2_190",190,"272-4","BxH ApoE-/-, F2",2,2002-03-01,228,2002-04-29,2002-08-21,41.4,10.5,3.6,2.14,5.74,NA,13.8647342995169,52,1694,50,623,116,416,1644,105.68,2519,0.165144898769353,198754.98,30.108,"422000",NA,25,3,0,0,0,0.0565,0.0825
"279","F2_191",191,"272-5","BxH ApoE-/-, F2",2,2002-03-01,228,2002-04-29,2002-08-21,40.9,10.4,3.2,2.5,5.7,NA,13.9364303178484,256,1538,46,565,130,511,1492,104,2935,0.174105621805792,130294.1,8.401,"144000",NA,0,0,0,9,5,0.0555,0.0787
"280","F2_192",192,"273-1","BxH ApoE-/-, F2",1,2002-03-01,229,2002-04-29,2002-08-21,41.4,10.2,2.9,2.01,4.91,NA,11.8599033816425,69,1035,41,338,77,291,994,105.55,1236,0.235436893203884,117591.48,7.249,"199000",NA,22,4,0,0,0,0.0583,0.08655
"281","F2_193",193,"273-2","BxH ApoE-/-, F2",1,2002-03-01,229,2002-04-29,2002-08-21,36.4,10.2,2.96,2.01,4.97,NA,13.6538461538462,37,1224,30,470,108,422,1194,83.696,991,0.425832492431887,187192.68,21.957,"289750",NA,20,5,0,0,0,0.0505,0.0712
"282","F2_194",194,"273-3","BxH ApoE-/-, F2",1,2002-03-01,229,2002-04-29,2002-08-21,38,10.3,2.68,2.04,4.72,NA,12.4210526315789,47,1296,40,483,113,445,1256,85.032,670,0.664179104477612,61364.68,9.179,"249250",NA,32,3,0,0,0,0.0577,0.0812
"283","F2_195",195,"273-4","BxH ApoE-/-, F2",1,2002-03-01,229,2002-04-29,2002-08-21,25.3,10.2,0.17,0.15,0.32,NA,1.26482213438735,66,1356,23,487,94,334,1333,105.422,273,1.22344322344322,2492.7,6.28,"98000",NA,15,13,0,0,0,0.0556,0.07905
"284","F2_196",196,"274-1","BxH ApoE-/-, F2",2,2002-03-01,229,2002-04-29,2002-08-21,48.8,10.7,1.51,2.21,3.72,NA,7.62295081967213,142,1219,54,390,76,347,1165,124.694,3713,0.0934554268785349,61938.34,4.329,"83000",NA,0,0,0,0,0,0.0598,0.088
"285","F2_197",197,"274-2","BxH ApoE-/-, F2",2,2002-03-01,229,2002-04-29,2002-08-21,43.7,10.7,1.39,2.44,3.83,NA,8.76430205949657,105,1002,82,301,72,302,920,44.116,2062,0.146459747817653,48914.66,3.745,"251000",NA,30,0,0,0,0,0.0564,0.079
"286","F2_198",198,"274-3","BxH ApoE-/-, F2",2,2002-03-01,229,2002-04-29,2002-08-21,41.6,10.4,0.85,1.67,2.52,NA,6.05769230769231,142,2147,111,649,84,390,2036,97.044,2599,0.150057714505579,48666.46,4.013,"46500",NA,12,0,0,0,0,0.0544,0.08105
"287","F2_199",199,"274-4","BxH ApoE-/-, F2",2,2002-03-01,229,2002-04-29,2002-08-21,44.8,10.5,1.61,2.13,3.74,NA,8.3482142857143,118,868,69,293,67,369,799,46.818,6208,0.0594394329896907,119780.18,3.817,"131250",NA,42,7,0,0,0,0.0547,0.07665
"288","F2_200",200,"275-1","BxH ApoE-/-, F2",2,2002-03-04,112,2002-04-29,2002-08-21,45.6,10.8,3.8,2.55,6.35,"aorta broke",13.9254385964912,204,1218,33,512,159,478,1185,86.164,1573,0.303877940241577,158479.3,10.062,"160750",NA,33,7,0,0,0,0.063,0.0935
"289","F2_201",201,"275-2","BxH ApoE-/-, F2",2,2002-03-04,112,2002-04-29,2002-08-21,50.1,10.7,5.07,3.58,8.65,"aorta broke",17.2654690618762,136,1472,39,483,94,373,1433,121.91,5105,0.0730656219392752,311297.8,NA,"222250",NA,16,5,0,0,0,0.0569,0.0792
"290","F2_202",202,"275-3","BxH ApoE-/-, F2",2,2002-03-04,112,2002-04-29,2002-08-21,40.2,10.4,3.4,2.45,5.85,NA,14.5522388059701,66,954,26,416,106,320,928,222.356,1476,0.21680216802168,122653.24,13.272,"269000",NA,0,0,0,0,0,0.0547,0.07665
"291","F2_215",215,"277-5","BxH ApoE-/-, F2",2,2002-03-04,226112,2002-04-29,2002-08-27,46.3,10.4,2.05,2.56,4.61,NA,9.95680345572354,47,1465,29,531,119,478,1436,142.37,6906,0.0692151752099624,108934.78,8.239,"282750",NA,25,4,0,0,0,0.0595,0.0851
"292","F2_214",214,"277-4","BxH ApoE-/-, F2",2,2002-03-04,226112,2002-04-29,2002-08-27,31,9.7,1.67,1.5,3.17,"kidney/spleen in 212 DNAs corrected",10.2258064516129,59,1066,15,464,139,364,1051,136.756,466,0.781115879828326,23191.36,8.391,"666750",NA,68,0,0,0,0,0.0508,0.0671
"293","F2_216",216,"279-1","BxH ApoE-/-, F2",1,2002-03-09,109,2002-04-29,2002-08-27,46.4,10.4,1.26,1.8,3.06,NA,6.5948275862069,168,1473,48,559,154,532,1425,108.192,10639,0.0500046996898205,95554.66,2.874,"81000",NA,0,0,0,0,0,0.0554,0.0769
"294","F2_217",217,"279-2","BxH ApoE-/-, F2",1,2002-03-09,109,2002-04-29,2002-08-27,48.4,10.5,0.71,2.24,2.95,NA,6.09504132231405,254,1868,45,678,139,518,1823,168.872,4706,0.110072248193795,60077.2,4.836,"99750",NA,68,11,0,0,0,0.0526,0.0738
"295","F2_218",218,"279-3","BxH ApoE-/-, F2",1,2002-03-09,109,2002-04-29,2002-08-27,44.3,9.9,1.04,2.74,3.78,NA,8.53273137697517,104,1838,69,668,157,566,1769,128.098,8172,0.0692608908467939,121461.38,2.916,"180750",NA,40,15,0,0,1,0.0546,0.07545
"296","F2_219",219,"279-4","BxH ApoE-/-, F2",1,2002-03-09,109,2002-04-29,2002-08-27,52.8,10.5,1.49,2.5,3.99,NA,7.55681818181818,211,1871,50,801,220,566,1821,120.644,11249,0.0503155836074318,32310.06,3.077,"261500",NA,42,14,0,1,72,0.0617,0.0818
"297","F2_220",220,"279-5","BxH ApoE-/-, F2",1,2002-03-09,109,2002-04-29,2002-08-27,49.2,10.7,1.14,1.93,3.07,NA,6.23983739837398,55,1498,51,570,121,409,1447,114.918,5758,0.0710316081972907,76969.84,1.555,"158500",NA,35,6,0,2,0,0.0568,0.08015
"298","F2_221",221,"280-1","BxH ApoE-/-, F2",2,2002-03-09,109,2002-04-29,2002-08-27,43.3,10.1,4.41,2.7,7.11,NA,16.4203233256351,55,1501,27,587,129,414,1474,112.426,977,0.42374616171955,163032.58,9.376,"261500",NA,31,13,0,4,0,0.0548,0.08405
"299","F2_222",222,"280-2","BxH ApoE-/-, F2",2,2002-03-09,109,2002-04-29,2002-08-27,NA,NA,2.8,2.69,5.49,NA,NA,25,1100,27,442,87,385,1073,78.584,582,0.661512027491409,111583.74,8.583,"470000",NA,22,9,6,0,23,0.057,0.08135
"300","F2_223",223,"280-3","BxH ApoE-/-, F2",2,2002-03-09,109,2002-04-29,2002-08-27,36.2,10.2,2.18,2.55,4.73,NA,13.0662983425414,60,1188,31,413,101,370,1157,119.248,1151,0.321459600347524,56629.96,5.309,NA,NA,NA,NA,NA,0,0,0.0567,0.08315
"301","F2_224",224,"280-4","BxH ApoE-/-, F2",2,2002-03-09,109,2002-04-29,2002-08-27,37.3,10,3.07,2.36,5.43,NA,14.5576407506702,79,811,26,259,60,258,785,128.792,333,0.774774774774775,40867.7,6.171,"168000",NA,80,16,0,4,1,0.0497,0.06935
"302","F2_146",146,"259-1","BxH ApoE-/-, F2",1,2002-02-25,230,2002-04-22,2002-08-14,64.4,11.7,2.44,2.06,4.5,NA,6.98757763975155,438,1671,48,692,182,703,1623,137.85,5645,0.124534986713906,130230.86,6.001,"165250",NA,13,1,5,0,0,0.0567,0.07955
"303","F2_147",147,"259-2","BxH ApoE-/-, F2",1,2002-02-25,230,2002-04-22,2002-08-14,47.8,11.1,1.5,1.92,3.42,"tumor",7.15481171548117,88,793,52,266,59,290,741,126.17,2632,0.110182370820669,42125.16,5.788,"129500",NA,15,0,0,0,0,0.0586,0.0772
"304","F2_148",148,"259-3","BxH ApoE-/-, F2",1,2002-02-25,230,2002-04-22,2002-08-14,44.87,10.7,1.35,2.28,3.63,NA,8.09003788722977,48,1071,59,340,65,342,1012,173.04,3367,0.101574101574102,99486.88,9.3,"116750",NA,0,0,0,0,2,0.0531,0.06955
"305","F2_149",149,"259-4","BxH ApoE-/-, F2",1,2002-02-25,230,2002-04-22,2002-08-14,49.4,11,1.37,2.53,3.9,NA,7.89473684210526,53,1216,57,502,139,451,1159,249.496,1697,0.265763111373011,80689.72,9.502,"468500",NA,54,7,0,0,3,0.0587,0.0781
"306","F2_150",150,"260-1","BxH ApoE-/-, F2",1,2002-02-25,231,2002-04-22,2002-08-14,47.4,10.6,2.19,2.33,4.52,NA,9.53586497890295,41,1135,40,419,82,329,1095,129.024,868,0.379032258064516,85032.46,6.761,"242750",NA,18,1,0,0,0,0.0573,0.0754
"307","F2_151",151,"260-2","BxH ApoE-/-, F2",1,2002-02-25,231,2002-04-22,2002-08-14,50.7,11.2,0.82,1.88,2.7,NA,5.32544378698225,119,1291,49,508,128,461,1242,197.442,8481,0.054356797547459,41683.82,5.36,"75750",NA,11,5,0,0,9,0.0569,0.08175
"308","F2_152",152,"260-3","BxH ApoE-/-, F2",1,2002-02-25,231,2002-04-22,2002-08-14,51.6,11.1,0.7,2.01,2.71,NA,5.25193798449612,79,1670,69,734,164,553,1601,284.418,15242,0.0362813279097231,51437.38,5.465,"210000",NA,0,0,0,0,1,0.0664,0.0915
"309","F2_153",153,"260-4","BxH ApoE-/-, F2",1,2002-02-25,231,2002-04-22,2002-08-14,51.6,11,2.33,2.6,4.93,"spleenomegally",9.55426356589147,45,1423,60,545,113,436,1363,114.976,2038,0.213935230618253,76830.3,22.932,"147250",NA,7,6,0,0,1,0.0653,0.08875
"310","F2_154",154,"261-1","BxH ApoE-/-, F2",2,2002-02-25,231,2002-04-22,2002-08-14,42.9,10.4,2.75,2.54,5.29,NA,12.3310023310023,88,824,50,321,92,354,774,157.904,509,0.695481335952849,103567.76,8.128,"77500",NA,16,7,0,0,9,0.0574,0.07695
"311","F2_155",155,"261-2","BxH ApoE-/-, F2",2,2002-02-25,231,2002-04-22,2002-08-14,31.8,10.2,1.55,1.55,3.1,NA,9.74842767295597,45,1075,43,419,91,321,1032,76.182,439,0.73120728929385,48186.02,12.619,"104750",NA,6,0,0,0,0,0.0597,0.08185
"312","F2_156",156,"261-3","BxH ApoE-/-, F2",2,2002-02-25,231,2002-04-22,2002-08-14,40.9,10.6,3.01,2.84,5.85,NA,14.3031784841076,95,1016,44,378,105,385,972,134.48,615,0.626016260162602,80302.36,5.958,"199750",NA,3,2,0,0,0,0.0563,0.07855
"313","F2_157",157,"261-4","BxH ApoE-/-, F2",2,2002-02-25,231,2002-04-22,2002-08-14,22.2,9.8,0.15,0.39,0.54,NA,2.43243243243243,44,403,44,153,45,227,359,84.388,407,0.557739557739558,3662.48,7.541,"264000",NA,0,0,0,0,0,0.0565,0.07895
"314","F2_158",158,"262-1","BxH ApoE-/-, F2",1,2002-02-25,231227,2002-04-22,2002-08-14,52.7,10.9,0.89,3.43,4.32,NA,8.19734345351044,132,1710,53,588,102,404,1657,379.84,2014,0.200595829195631,54820.86,3.603,"164500",NA,50,15,0,0,1,0.0576,0.0798
"315","F2_159",159,"262-2","BxH ApoE-/-, F2",1,2002-02-25,231227,2002-04-22,2002-08-14,51,10.9,1.74,2.17,3.91,NA,7.66666666666667,689,1667,60,681,161,529,1607,237.836,4162,0.127102354637194,74850.12,3.914,"131500",NA,24,8,NA,0,0,0.0575,0.0793
"316","F2_160",160,"262-3","BxH ApoE-/-, F2",1,2002-02-25,231227,2002-04-22,2002-08-14,48.6,10.8,1.68,1.81,3.49,NA,7.18106995884774,95,1533,53,576,126,433,1480,161.266,710,0.609859154929577,42360.32,3.634,"124750",NA,0,0,0,0,3,0.0607,0.0838
"317","F2_161",161,"262-4","BxH ApoE-/-, F2",1,2002-02-25,231227,2002-04-22,2002-08-14,48.7,10.7,3.38,3.42,6.8,NA,13.9630390143737,139,1954,159,673,134,558,1795,185.042,1092,0.510989010989011,118566.9,3.663,"44250",NA,40,8,0,0,3,0.0538,0.07155
"318","F2_162",162,"263-1","BxH ApoE-/-, F2",2,2002-02-25,227,2002-04-22,2002-08-19,44.6,10,2.74,2.3,5.04,NA,11.3004484304933,139,1842,47,636,136,453,1795,305.196,625,0.7248,125457.98,3.737,"183750",NA,16,7,0,0,0,0.0522,0.0694
"319","F2_163",163,"263-2","BxH ApoE-/-, F2",2,2002-02-25,227,2002-04-22,2002-08-19,53.1,10.7,6.58,3.77,10.35,"large spleen",19.4915254237288,113,1909,24,725,156,589,1885,155.714,1370,0.42992700729927,152968.96,5.875,"247750",NA,5,0,0,0,0,0.0529,0.077
"320","F2_164",164,"263-3","BxH ApoE-/-, F2",2,2002-02-25,227,2002-04-22,2002-08-19,52.7,10.8,5.81,4.17,9.98,"slightly large spleen",18.9373814041746,98,1356,42,456,93,448,1314,135.602,2677,0.167351512887561,98773.12,3.951,"183250",NA,12,3,0,0,0,0.0571,0.0835
"321","F2_165",165,"263-4","BxH ApoE-/-, F2",2,2002-02-25,227,2002-04-22,2002-08-19,54.1,10.5,5.72,4.02,9.74,NA,18.003696857671,55,1263,56,370,80,338,1207,130.586,465,0.726881720430108,26971.26,4.7,"478750",NA,0,3,16,0,0,0.0564,0.0797
"322","F2_166",166,"266-1","BxH ApoE-/-, F2",2,2002-02-28,232,2002-04-22,2002-08-19,32.1,9.9,1.76,1.7,3.46,NA,10.7788161993769,27,994,28,367,82,393,966,206.668,1733,0.226774379688402,181193.08,5.99,"181250",NA,4,2,0,0,28,0.0565,0.081
"323","F2_167",167,"266-2","BxH ApoE-/-, F2",2,2002-02-28,232,2002-04-22,2002-08-19,29.4,10.7,1.6,1.8,3.4,NA,11.5646258503401,11,729,30,328,93,274,699,207.074,326,0.840490797546012,20350.54,4.418,"240500",NA,7,9,0,0,2,0.0523,0.0706
"324","F2_168",168,"266-3","BxH ApoE-/-, F2",2,2002-02-28,232,2002-04-22,2002-08-19,38,10.3,2.67,2.45,5.12,NA,13.4736842105263,72,1612,63,516,107,386,1549,140.328,730,0.528767123287671,56925.02,7.711,"320250",NA,47,9,0,4,31,0.0566,0.0853
"325","F2_169",169,"266-4","BxH ApoE-/-, F2",2,2002-02-28,232,2002-04-22,2002-08-19,33.9,10.1,1.48,1.9,3.38,NA,9.97050147492625,42,1051,53,350,84,331,998,102.328,613,0.539967373572594,47425.36,7.76,"350250",NA,0,0,10,0,0,0.0624,0.0912
"326","F2_170",170,"267-1","BxH ApoE-/-, F2",1,2002-02-28,232,2002-04-22,2002-08-19,47,10.6,1,2.31,3.31,NA,7.04255319148936,199,1782,56,555,105,399,1726,282.578,4239,0.0941259731068648,74687.4,4.045,"71750",NA,43,13,4,47,31,0.0556,0.0766
"327","F2_171",171,"267-2","BxH ApoE-/-, F2",1,2002-02-28,232,2002-04-22,2002-08-19,51.5,10.8,1,2.5,3.5,NA,6.79611650485437,120,1234,38,498,114,508,1196,133.53,12486,0.0406855678359763,77029.38,4.284,"180250",NA,62,22,0,13,335,0.0621,0.0891
"328","F2_172",172,"267-3","BxH ApoE-/-, F2",1,2002-02-28,232,2002-04-22,2002-08-19,36.5,9.8,1.7,2.19,3.89,NA,10.6575342465753,57,1449,45,609,138,488,1404,236.064,605,0.806611570247934,69842.86,9.03,"419750",NA,41,17,0,0,0,0.0501,0.0638
"329","F2_173",173,"268-1","BxH ApoE-/-, F2",1,2002-02-28,232,2002-04-22,2002-08-19,60.7,11.1,1.03,3.2,4.23,NA,6.96869851729819,107,1732,35,637,99,437,1697,419.056,10059,0.04344368227458,136558.32,5.429,"116000",NA,5,0,0,0,2,0.0589,0.08335
"330","F2_174",174,"268-2","BxH ApoE-/-, F2",1,2002-02-28,232,2002-04-22,2002-08-19,51,10.8,0.91,1.91,2.82,NA,5.52941176470588,201,1966,75,768,188,568,1891,243.952,10544,0.0538694992412747,63445.66,3.787,"208500",NA,18,6,12,1,0,0.0624,0.08545
"331","F2_317",317,"342-2","BxH ApoE-/-, F2",1,2002-04-16,228,2002-07-24,2002-11-13,48.2,11.3,1.15,2.1,3.25,NA,6.74273858921162,61,1490,38,495,104,368,1452,115.698,4330,0.0849884526558891,63934.78,4.788,"284500",NA,25,10,0,0,6,0.0644,0.0944
"332","F2_318",318,"342-3","BxH ApoE-/-, F2",1,2002-04-16,228,2002-07-24,2002-11-13,52.5,10.7,0.68,2.75,3.43,NA,6.53333333333333,105,1466,56,551,119,526,1410,453.096,3121,0.168535725728933,93027.22,5.574,"259500",NA,75,23,3,0,59,0.0596,0.08455
"333","F2_319",319,"342-4","BxH ApoE-/-, F2",1,2002-04-16,228,2002-07-24,2002-11-13,50.9,11.2,1.88,2.65,4.53,NA,8.89980353634578,95,1182,60,454,121,508,1122,72.256,4474,0.113544926240501,95510.38,3.888,"280250",NA,34,11,0,0,15,0.0585,0.08185
"334","F2_320",320,"343-1","BxH ApoE-/-, F2",2,2002-04-16,228,2002-07-24,2002-11-13,39.2,10.3,1.88,2.32,4.2,NA,10.7142857142857,59,794,25,321,92,316,769,127.282,1022,0.309197651663405,68926.58,15.384,"238750",NA,14,0,0,0,0,0.0591,0.0807
"335","F2_321",321,"343-2","BxH ApoE-/-, F2",2,2002-04-16,228,2002-07-24,2002-11-13,45.3,10.6,2.5,2.66,5.16,NA,11.3907284768212,95,1667,45,705,149,644,1622,148.576,10335,0.0623125302370585,172820.02,12.688,"312750",NA,25,1,12,0,0,0.0556,0.08035
"336","F2_322",322,"343-3","BxH ApoE-/-, F2",2,2002-04-16,228,2002-07-24,2002-11-13,45.6,10.5,2.78,2.62,5.4,NA,11.8421052631579,33,1442,39,573,105,491,1403,118.544,NA,NA,NA,NA,"357000",NA,0,0,0,0,0,0.0627,0.0912
"337","F2_323",323,"343-4","BxH ApoE-/-, F2",2,2002-04-16,228,2002-07-24,2002-11-13,43,10.1,3.14,2.88,6.02,NA,14,95,922,60,314,76,365,862,156.62,1134,0.321869488536155,205015.6,7.151,"83000",NA,0,0,0,0,0,0.0588,0.08885
"338","F2_324",324,"354-1","BxH ApoE-/-, F2",2,2002-05-06,228,2002-07-24,2002-11-13,38.3,9.8,2.48,2.31,4.79,NA,12.5065274151436,93,1300,52,427,83,332,1248,146.458,1480,0.224324324324324,159873.28,5.943,"129500",NA,13,0,0,0,0,0.0529,0.0704
"339","F2_325",325,"354-2","BxH ApoE-/-, F2",2,2002-05-06,228,2002-07-24,2002-11-13,40.8,9.7,2.42,2.65,5.07,NA,12.4264705882353,76,1299,28,497,119,413,1271,146.6,1721,0.239976757699012,207949.4,11.174,"57500",NA,19,2,0,0,1,0.052,0.0735
"340","F2_326",326,"354-3","BxH ApoE-/-, F2",2,2002-05-06,228,2002-07-24,2002-11-13,32.4,9.9,2.26,1.53,3.79,NA,11.6975308641975,35,971,12,399,87,395,959,144.482,579,0.682210708117444,75031.7,17.993,"246000",NA,27,10,0,0,0,0.0525,0.07425
"341","F2_327",327,"354-4","BxH ApoE-/-, F2",2,2002-05-06,228,2002-07-24,2002-11-13,40.5,10.1,2.98,2.47,5.45,NA,13.4567901234568,44,1291,16,489,94,442,1275,176.976,1217,0.363188167625308,132981.3,17.458,"313750",NA,21,6,0,0,0,0.0509,0.0699
"342","F2_328",328,"354-5","BxH ApoE-/-, F2",2,2002-05-06,228,2002-07-24,2002-11-13,36.1,9.7,1.89,2.07,3.96,NA,10.9695290858726,75,1004,43,358,92,376,961,258.53,947,0.397043294614572,224701.8,9.939,"221250",NA,0,0,0,0,0,0.0529,0.07245
"343","F2_329",329,"359-1","BxH ApoE-/-, F2",2,2002-05-06,NA,2002-07-24,2002-11-13,34,9.9,2.12,1.67,3.79,NA,11.1470588235294,28,765,15,266,60,256,750,109.994,577,0.44367417677643,63797.58,15.756,"143250",NA,0,0,13,0,0,0.0507,0.06955
"344","F2_330",330,"359-2","BxH ApoE-/-, F2",2,2002-05-06,NA,2002-07-24,2002-11-13,34.4,10.6,1.54,1.26,2.8,NA,8.13953488372093,44,1093,32,351,65,338,1061,60.622,591,0.571912013536379,10302.78,5.507,"60750",NA,0,0,4,0,1,0.0588,0.08395
"345","F2_331",331,"359-3","BxH ApoE-/-, F2",2,2002-05-06,NA,2002-07-24,2002-11-13,36.5,10.6,2.09,1.17,3.26,NA,8.93150684931507,6,1015,21,418,98,359,994,126.856,430,0.834883720930233,37297.52,13.397,"334750",NA,0,0,6,NA,NA,0.0549,0.07635
"346","F2_332",332,"359-4","BxH ApoE-/-, F2",2,2002-05-06,NA,2002-07-24,2002-11-13,35.3,10.7,1.84,1.48,3.32,"sort of clippered",9.40509915014164,20,963,36,323,57,340,927,86.366,436,0.779816513761468,28512.1,9.119,"366250",NA,38,3,0,NA,NA,0.0582,0.0831
"347","F2_333",333,"359-5","BxH ApoE-/-, F2",2,2002-05-06,NA,2002-07-24,2002-11-13,26.9,10.3,0.38,0.28,0.66,"clippered",2.45353159851301,NA,NA,NA,NA,NA,NA,NA,NA,NA,NA,NA,NA,"387750",NA,16,0,0,NA,NA,0.0505,0.06615
"348","F2_334",334,"355-1","BxH ApoE-/-, F2",1,2002-05-06,228,2002-07-24,2002-11-13,46.7,10.3,1.91,2.1,4.01,NA,8.58672376873662,127,1202,30,449,107,385,1172,139.11,5338,0.072124391157737,191262.98,6.102,"245000",NA,52,4,2,NA,NA,NA,NA
"349","F2_335",335,"355-2","BxH ApoE-/-, F2",1,2002-05-06,228,2002-07-24,2002-11-13,52.7,10.9,1.49,2.68,4.17,NA,7.91271347248577,36,1304,31,513,103,445,1273,NA,9453,0.0470750026446631,202165.2,8.253,"304750",NA,0,5,0,NA,NA,NA,NA
"350","F2_336",336,"355-3","BxH ApoE-/-, F2",1,2002-05-06,228,2002-07-24,2002-11-13,45.5,10.7,0.9,1.42,2.32,NA,5.0989010989011,149,1530,52,587,120,555,1478,NA,4341,0.127850725639254,47238.76,4.906,"245500",NA,0,0,24,NA,NA,NA,NA
"351","F2_337",337,"356-1","BxH ApoE-/-, F2",2,2002-05-02,NA,2002-07-24,2002-11-13,32.1,10.3,1.38,1.7,3.08,NA,9.59501557632399,11,587,11,250,70,261,576,141.796,495,0.527272727272727,49805.7,14.423,"259000",NA,11,2,0,NA,NA,NA,NA
"352","F2_338",338,"356-2","BxH ApoE-/-, F2",2,2002-05-02,NA,2002-07-24,2002-11-13,24.7,9.5,0.23,0.49,0.72,NA,2.91497975708502,10,532,19,241,66,340,513,114.486,335,1.01492537313433,3049.6,11.691,"433250",NA,0,0,5,NA,NA,NA,NA
"353","F2_339",339,"356-3","BxH ApoE-/-, F2",2,2002-05-02,NA,2002-07-24,2002-11-13,39.2,10.2,3.51,2.05,5.56,NA,14.1836734693878,17,1435,71,569,103,479,1364,156.478,1128,0.424645390070922,99322.98,10.081,"118250",NA,16,0,0,NA,NA,NA,NA
"354","F2_340",340,"357-1","BxH ApoE-/-, F2",1,2002-05-02,NA,2002-07-24,2002-11-13,42.4,10.2,1.83,1.91,3.74,NA,8.82075471698113,186,1919,60,732,152,639,1859,141.442,10308,0.0619906868451688,55350.74,3.108,"97250",NA,37,25,0,NA,NA,NA,NA
"355","F2_341",341,"357-2","BxH ApoE-/-, F2",1,2002-05-02,NA,2002-07-24,2002-11-13,54.8,11.1,2.11,2.78,4.89,NA,8.92335766423358,153,1432,50,540,133,555,1382,250.536,8322,0.0666906993511175,147638.1,7.758,"145750",NA,0,0,0,NA,NA,NA,NA
"356","F2_342",342,"357-3","BxH ApoE-/-, F2",1,2002-05-02,NA,2002-07-24,2002-11-13,48.2,10.6,1.6,2.48,4.08,NA,8.46473029045643,90,1040,40,410,117,456,1000,250.608,1996,0.228456913827655,108079.74,14.812,"376750",NA,15,0,0,NA,NA,NA,NA
"357","F2_343",343,"358-1","BxH ApoE-/-, F2",1,2002-05-02,NA,2002-07-24,2002-11-13,39.6,10.1,2.08,1.66,3.74,NA,9.44444444444444,42,1258,74,517,158,475,1184,210.09,725,0.655172413793103,15170.2,8.354,"287000",NA,48,4,0,NA,NA,NA,NA
"358","F2_344",344,"358-2","BxH ApoE-/-, F2",1,2002-05-02,NA,2002-07-24,2002-11-13,45.4,10.6,0.81,1.64,2.45,NA,5.39647577092511,27,1009,79,317,61,315,930,133.866,3238,0.0972822730080296,72536.8,9.076,"330750",NA,0,0,9,NA,NA,NA,NA
"359","F2_345",345,"358-3","BxH ApoE-/-, F2",1,2002-05-02,NA,2002-07-24,2002-11-13,45.6,10.6,0.86,1.57,2.43,NA,5.32894736842105,90,843,77,251,62,366,766,150.77,4944,0.0740291262135922,47847.3,5.598,"130937",NA,0,0,0,NA,NA,NA,NA
"360","F2_288",288,"306-2","BxH ApoE-/-, F2",2,2002-03-22,229232,2002-05-14,2002-09-11,37.7,10.2,2.04,2.01,4.05,NA,10.7427055702918,27,1469,25,559,95,406,1444,184.858,669,0.606875934230194,109760.04,20.552,"235250",NA,26,10,0,0,0,0.0553,0.075
"361","F2_289",289,"306-3","BxH ApoE-/-, F2",2,2002-03-22,229232,2002-05-14,2002-09-11,37.2,10.2,2.42,1.9,4.32,NA,11.6129032258065,70,1331,26,574,139,469,1305,146.67,1416,0.331214689265537,71692,12.566,"322500",NA,23,5,9,0,0,0.0558,0.0763
